{
  "appPageId" : "d72e69c3-f5f2-4675-8e0c-ee127ba4988b",
  "componentName" : "siteforce:dynamicLayout",
  "dataProviders" : [ ],
  "id" : "7ba0c325-1036-472c-8cc0-8acfcc388e3a",
  "label" : "Adoption Application Detail",
  "regions" : [ {
    "components" : [ {
      "componentAttributes" : {
        "background" : "background: rgba(0,0,0,0)",
        "backgroundOverlay" : "rgba(0,0,0,0.5)",
        "contentAreaWidth" : 100,
        "sectionConfig" : {
          "UUID" : "2cef3c29-7e9b-476a-a59f-f585b87a2ea2",
          "columns" : [ {
            "UUID" : "c8e98b1a-c045-4eea-b958-826259692891",
            "columnKey" : "1",
            "columnName" : "Column 1",
            "columnWidth" : "8",
            "seedComponents" : [ ]
          }, {
            "UUID" : "27457796-c116-4a35-a5a2-c9d826a63e04",
            "columnKey" : "02aa9",
            "columnName" : "Column 2",
            "columnWidth" : "4",
            "seedComponents" : [ ]
          } ]
        },
        "sectionHeight" : 300
      },
      "componentName" : "forceCommunity:section",
      "id" : "2cef3c29-7e9b-476a-a59f-f585b87a2ea2",
      "regions" : [ {
        "components" : [ {
          "componentAttributes" : {
            "tabsetConfig" : {
              "UUID" : "94ee5ce7-8d95-4733-b081-3674d4514ffb",
              "activeTab" : "",
              "tabs" : [ {
                "UUID" : "d090dc6a-0c0a-43e8-9c64-58645f371a21",
                "allowGuestUser" : false,
                "locked" : false,
                "seedComponents" : [ ],
                "tabKey" : "2",
                "tabName" : "Detail"
              }, {
                "UUID" : "8a2c9d86-f0c1-4610-b2c5-55bb81132e15",
                "allowGuestUser" : false,
                "locked" : false,
                "seedComponents" : [ ],
                "tabKey" : "1",
                "tabName" : "Related"
              }, {
                "UUID" : "48321bf2-912c-4813-836b-cd1ec8fed0e5",
                "allowGuestUser" : false,
                "locked" : false,
                "seedComponents" : [ ],
                "tabKey" : "870ae",
                "tabName" : "Assessor Information"
              }, {
                "UUID" : "263ab53e-5f35-4a35-82d1-2927290f5898",
                "allowGuestUser" : false,
                "locked" : false,
                "seedComponents" : [ ],
                "tabKey" : "ec4fb",
                "tabName" : "ASA"
              }, {
                "UUID" : "432ab79e-4fc5-44a5-b938-9784ea79ddcc",
                "allowGuestUser" : false,
                "locked" : false,
                "seedComponents" : [ ],
                "tabKey" : "3",
                "tabName" : "LOE"
              } ],
              "useOverflowMenu" : true
            }
          },
          "componentName" : "forceCommunity:tabLayout",
          "id" : "94ee5ce7-8d95-4733-b081-3674d4514ffb",
          "regions" : [ {
            "components" : [ {
              "componentAttributes" : {
                "recordId" : "{!recordId}"
              },
              "componentName" : "forceCommunity:recordDetail",
              "id" : "edd9086b-84a1-4004-80d6-0f911c32b600",
              "renderPriority" : "NEUTRAL",
              "renditionMap" : { },
              "type" : "component"
            } ],
            "id" : "d090dc6a-0c0a-43e8-9c64-58645f371a21",
            "regionLabel" : "Detail",
            "regionName" : "2",
            "renditionMap" : { },
            "type" : "region"
          }, {
            "components" : [ {
              "componentAttributes" : {
                "relatedListApiName" : "AttachedContentNotes",
                "relatedListComponentOverride" : "GRID",
                "width" : "MEDIUM"
              },
              "componentName" : "forceCommunity:responsiveRelatedListSingle",
              "id" : "d2e4fc66-2c76-46bc-8e5b-b028e2da6e19",
              "renderPriority" : "NEUTRAL",
              "renditionMap" : { },
              "type" : "component"
            }, {
              "componentAttributes" : {
                "relatedListApiName" : "DocumentChecklistItemPR",
                "relatedListComponentOverride" : "GRID",
                "width" : "MEDIUM"
              },
              "componentName" : "forceCommunity:responsiveRelatedListSingle",
              "id" : "f9e392c8-3b03-4334-88e5-83c3c43fdab8",
              "renderPriority" : "NEUTRAL",
              "renditionMap" : { },
              "type" : "component"
            } ],
            "id" : "8a2c9d86-f0c1-4610-b2c5-55bb81132e15",
            "regionLabel" : "Related",
            "regionName" : "1",
            "renditionMap" : { },
            "type" : "region"
          }, {
            "components" : [ {
              "componentAttributes" : {
                "flowArguments" : "[{\"label\":\"recordId\",\"dataType\":\"String\",\"supportsRecordId\":true,\"value\":\"{!Record.Id}\"}]",
                "flowName" : "RP_IndividualApplication_SCR_AssignAssessor"
              },
              "componentName" : "forceCommunity:flowCommunity",
              "id" : "21ad0f06-d8da-4b19-8704-462c3e0d7616",
              "renderPriority" : "NEUTRAL",
              "renditionMap" : { },
              "type" : "component"
            } ],
            "id" : "48321bf2-912c-4813-836b-cd1ec8fed0e5",
            "regionLabel" : "Assessor Information",
            "regionName" : "870ae",
            "renditionMap" : { },
            "type" : "region"
          }, {
            "components" : [ {
              "componentAttributes" : {
                "direction" : "ltr",
                "display" : "Display OmniScript on page",
                "inlineVariant" : "brand",
                "language" : "English",
                "omniAnalytics" : true,
                "subType" : "generateASA",
                "theme" : "lightning",
                "type" : "AdoptionApplication"
              },
              "componentName" : "runtime_omnistudio:omniscript",
              "id" : "e2d5c0a1-211d-4749-b553-462ac66d7968",
              "renderPriority" : "NEUTRAL",
              "renditionMap" : { },
              "type" : "component"
            } ],
            "id" : "263ab53e-5f35-4a35-82d1-2927290f5898",
            "regionLabel" : "ASA",
            "regionName" : "ec4fb",
            "renditionMap" : { },
            "type" : "region"
          }, {
            "components" : [ {
              "componentAttributes" : {
                "direction" : "ltr",
                "display" : "Display OmniScript on page",
                "inlineVariant" : "brand",
                "language" : "English",
                "omniAnalytics" : true,
                "subType" : "generateLOE",
                "theme" : "lightning",
                "type" : "AdoptionApplication"
              },
              "componentName" : "runtime_omnistudio:omniscript",
              "id" : "895d876a-b1cd-4a34-b232-6b5dd8707adb",
              "renderPriority" : "NEUTRAL",
              "renditionMap" : { },
              "type" : "component"
            } ],
            "id" : "432ab79e-4fc5-44a5-b938-9784ea79ddcc",
            "regionLabel" : "LOE",
            "regionName" : "3",
            "renditionMap" : { },
            "type" : "region"
          } ],
          "renderPriority" : "NEUTRAL",
          "renditionMap" : { },
          "type" : "component"
        } ],
        "id" : "c8e98b1a-c045-4eea-b958-826259692891",
        "regionLabel" : "Column 1",
        "regionName" : "1",
        "renditionMap" : { },
        "type" : "region"
      }, {
        "components" : [ {
          "componentAttributes" : {
            "tabsetConfig" : {
              "UUID" : "68b677a9-3077-4dab-a77a-e18be8c34d1f",
              "activeTab" : "",
              "tabs" : [ {
                "UUID" : "62005f69-7bd1-4a6a-8af1-0413fba88f15",
                "allowGuestUser" : false,
                "locked" : false,
                "seedComponents" : [ ],
                "tabKey" : "1",
                "tabName" : "Highlights"
              } ],
              "useOverflowMenu" : true
            }
          },
          "componentName" : "forceCommunity:tabLayout",
          "id" : "68b677a9-3077-4dab-a77a-e18be8c34d1f",
          "regions" : [ {
            "components" : [ {
              "componentAttributes" : {
                "relatedListApiName" : "Applications",
                "relatedListComponentOverride" : "GRID",
                "width" : "MEDIUM"
              },
              "componentName" : "forceCommunity:responsiveRelatedListSingle",
              "id" : "ff890be2-58fa-40ec-ab30-d2c15f641f07",
              "renderPriority" : "NEUTRAL",
              "renditionMap" : { },
              "type" : "component"
            }, {
              "componentAttributes" : {
                "relatedListApiName" : "RegulatoryTrxnFees",
                "relatedListComponentOverride" : "GRID",
                "width" : "MEDIUM"
              },
              "componentName" : "forceCommunity:responsiveRelatedListSingle",
              "id" : "96e2ded1-a0b1-4284-a888-8e9dd62ba965",
              "renderPriority" : "NEUTRAL",
              "renditionMap" : { },
              "type" : "component"
            }, {
              "componentAttributes" : {
                "relatedListApiName" : "Referrals_In__r",
                "relatedListComponentOverride" : "GRID",
                "width" : "MEDIUM"
              },
              "componentName" : "forceCommunity:responsiveRelatedListSingle",
              "id" : "8690ce12-5d35-45d7-bfa2-71024bae5f1e",
              "renderPriority" : "NEUTRAL",
              "renditionMap" : { },
              "type" : "component"
            }, {
              "componentAttributes" : {
                "relatedListApiName" : "ActionPlans",
                "relatedListComponentOverride" : "GRID",
                "width" : "MEDIUM"
              },
              "componentName" : "forceCommunity:responsiveRelatedListSingle",
              "id" : "3b962448-7c4d-4c80-826b-6bed34947504",
              "renderPriority" : "NEUTRAL",
              "renditionMap" : { },
              "type" : "component"
            }, {
              "componentAttributes" : {
                "relatedListApiName" : "ActivityHistories",
                "relatedListComponentOverride" : "GRID",
                "width" : "SMALL"
              },
              "componentName" : "forceCommunity:responsiveRelatedListSingle",
              "id" : "7462ade4-5b30-4c32-857f-b9cdd696685b",
              "renderPriority" : "NEUTRAL",
              "renditionMap" : { },
              "type" : "component"
            } ],
            "id" : "62005f69-7bd1-4a6a-8af1-0413fba88f15",
            "regionLabel" : "Highlights",
            "regionName" : "1",
            "renditionMap" : { },
            "type" : "region"
          } ],
          "renderPriority" : "NEUTRAL",
          "renditionMap" : { },
          "type" : "component"
        } ],
        "id" : "27457796-c116-4a35-a5a2-c9d826a63e04",
        "regionLabel" : "Column 2",
        "regionName" : "02aa9",
        "renditionMap" : { },
        "type" : "region"
      } ],
      "renderPriority" : "NEUTRAL",
      "renditionMap" : { },
      "type" : "component"
    }, {
      "componentAttributes" : {
        "background" : "background: rgba(0,0,0,0)",
        "backgroundOverlay" : "rgba(0,0,0,0.5)",
        "contentAreaWidth" : 100,
        "sectionConfig" : {
          "UUID" : "a38e757e-55c2-495a-9a84-7d9c4c6b959f",
          "columns" : [ {
            "UUID" : "5f3ad9d5-5b72-45a1-8b42-44656527e397",
            "columnKey" : "1",
            "columnName" : "Column 1",
            "columnWidth" : "12",
            "seedComponents" : [ ]
          } ]
        },
        "sectionHeight" : 300
      },
      "componentName" : "forceCommunity:section",
      "id" : "a38e757e-55c2-495a-9a84-7d9c4c6b959f",
      "regions" : [ {
        "components" : [ {
          "componentAttributes" : {
            "recordId" : "{!recordId}"
          },
          "componentName" : "forceCommunity:recordHeadline",
          "id" : "139299a0-b9f2-4025-baa0-bf3e70de4461",
          "renderPriority" : "NEUTRAL",
          "renditionMap" : { },
          "type" : "component"
        }, {
          "componentAttributes" : {
            "recordId" : "{!recordId}"
          },
          "componentName" : "forceCommunity:pathAssistant",
          "id" : "a08f6e68-1e63-47f7-9658-73c7baa9ec81",
          "renderPriority" : "NEUTRAL",
          "renditionMap" : { },
          "type" : "component"
        } ],
        "id" : "5f3ad9d5-5b72-45a1-8b42-44656527e397",
        "regionLabel" : "Column 1",
        "regionName" : "1",
        "renditionMap" : { },
        "type" : "region"
      } ],
      "renderPriority" : "NEUTRAL",
      "renditionMap" : { },
      "type" : "component"
    } ],
    "id" : "e43cb81b-41e4-40cc-a169-acc9f1aeda36",
    "regionName" : "content",
    "type" : "region"
  }, {
    "components" : [ {
      "componentAttributes" : {
        "customHeadTags" : "",
        "description" : "",
        "title" : "{!Record._Object}: {!Record._Title}"
      },
      "componentName" : "forceCommunity:seoAssistant",
      "id" : "1c6cbf51-0580-4c54-b921-afec51d46912",
      "renditionMap" : { },
      "type" : "component"
    } ],
    "id" : "f9403e51-d159-4a92-9506-5bfc8a29a8a4",
    "regionName" : "sfdcHiddenRegion",
    "type" : "region"
  } ],
  "themeLayoutType" : "Inner",
  "type" : "view",
  "viewType" : "detail-0iT"
}