{
  "appPageId" : "d72e69c3-f5f2-4675-8e0c-ee127ba4988b",
  "componentName" : "siteforce:sldsOneColLayout",
  "dataProviders" : [ ],
  "id" : "f3d30858-8dd5-4726-8f41-62342d264fea",
  "label" : "Apply for Licence",
  "regions" : [ {
    "id" : "3799f279-8d53-48ca-b65b-d2b795d0165a",
    "regionName" : "header",
    "type" : "region"
  }, {
    "components" : [ {
      "componentAttributes" : {
        "richTextValue" : "<h1><span style=\"color: rgb(45, 45, 45); font-size: 21px;\">Apply for a License or a Permit</span></h1><p>Fill out a license or a permit application. You can save a draft application and complete it later.</p>"
      },
      "componentName" : "forceCommunity:richTextInline",
      "id" : "0a652603-52ac-4176-a2d5-bfbe8a47b6c9",
      "renderPriority" : "NEUTRAL",
      "renditionMap" : { },
      "type" : "component"
    } ],
    "id" : "67b4c2f5-ce14-4714-b99e-86254c89d247",
    "regionName" : "content",
    "type" : "region"
  }, {
    "id" : "b76484f6-9bc3-43c5-ab66-9281a1f486e8",
    "regionName" : "footer",
    "type" : "region"
  }, {
    "components" : [ {
      "componentAttributes" : {
        "customHeadTags" : "",
        "description" : "",
        "title" : "Apply for Licence"
      },
      "componentName" : "forceCommunity:seoAssistant",
      "id" : "6a05baae-16a1-4162-8ded-5707b57a1f5a",
      "renditionMap" : { },
      "type" : "component"
    } ],
    "id" : "394d48f0-af63-4d4a-a303-227ab8c3e78d",
    "regionName" : "sfdcHiddenRegion",
    "type" : "region"
  } ],
  "themeLayoutType" : "Inner",
  "type" : "view",
  "viewType" : "custom-apply-for-licence"
}