{
  "appPageId" : "d72e69c3-f5f2-4675-8e0c-ee127ba4988b",
  "componentName" : "siteforce:sldsOneColLayout",
  "dataProviders" : [ ],
  "id" : "20bfa955-a4d6-401b-a219-76651a4d41ec",
  "label" : "Create Record",
  "regions" : [ {
    "id" : "caf3777a-b22c-4048-bf58-5c65a1a7bbf7",
    "regionName" : "header",
    "type" : "region"
  }, {
    "components" : [ {
      "componentAttributes" : {
        "actionApiName" : "{!actionApiName}",
        "isMicrobatch" : false
      },
      "componentName" : "forceCommunity:createRecordForm",
      "id" : "72b168ab-03cd-4a3d-972c-424400fb9d64",
      "renderPriority" : "NEUTRAL",
      "renditionMap" : { },
      "type" : "component"
    } ],
    "id" : "2e4ddaf5-9358-4c76-a01f-3cca9ff3ec0d",
    "regionName" : "content",
    "type" : "region"
  }, {
    "id" : "a2890ee7-ab0c-4b98-b0d1-82b58bb07ab4",
    "regionName" : "footer",
    "type" : "region"
  } ],
  "themeLayoutType" : "Inner",
  "type" : "view",
  "viewType" : "createrecord"
}