{
  "appPageId" : "d72e69c3-f5f2-4675-8e0c-ee127ba4988b",
  "componentName" : "siteforce:sldsOneColLayout",
  "dataProviders" : [ ],
  "id" : "ee5d0b31-cbe7-46e9-a0b5-f806d6477c76",
  "label" : "Error",
  "regions" : [ {
    "id" : "e1b87a2d-173f-44a7-894d-b67fac55d780",
    "regionName" : "header",
    "type" : "region"
  }, {
    "components" : [ {
      "componentAttributes" : {
        "richTextValue" : "<div style='text-align: center;'>Invalid Page</div>"
      },
      "componentName" : "forceCommunity:richTextInline",
      "id" : "5c136f25-470e-4310-ba9c-e449b5671507",
      "renderPriority" : "NEUTRAL",
      "renditionMap" : { },
      "type" : "component"
    } ],
    "id" : "198bb388-da29-4b83-ac41-71576ef5cfc6",
    "regionName" : "content",
    "type" : "region"
  }, {
    "id" : "b942a3ac-fc96-46d0-8948-ec326386daea",
    "regionName" : "footer",
    "type" : "region"
  }, {
    "components" : [ {
      "componentAttributes" : {
        "customHeadTags" : "",
        "description" : "",
        "title" : "Error"
      },
      "componentName" : "forceCommunity:seoAssistant",
      "id" : "d98e0661-4518-4cd9-98f8-ef34b2e50826",
      "renditionMap" : { },
      "type" : "component"
    } ],
    "id" : "7b86fd54-da51-4f74-ae89-7c3fafae583c",
    "regionName" : "sfdcHiddenRegion",
    "type" : "region"
  } ],
  "themeLayoutType" : "Inner",
  "type" : "view",
  "viewType" : "error"
}