{
  "appPageId" : "d72e69c3-f5f2-4675-8e0c-ee127ba4988b",
  "componentName" : "siteforce:sldsOneColLayout",
  "dataProviders" : [ ],
  "id" : "87884154-b000-4464-8567-54d2e6cdfbf0",
  "label" : "Home",
  "regions" : [ {
    "id" : "0b8baf1d-0fc9-48cc-a499-f69cc454622b",
    "regionName" : "header",
    "type" : "region"
  }, {
    "components" : [ {
      "componentAttributes" : {
        "richTextValue" : "<p style=\"text-align: center;\">Home&nbsp;&nbsp;Page of the Parter Portal</p>"
      },
      "componentName" : "forceCommunity:richTextInline",
      "id" : "08bab692-cc7a-43f6-83ae-f27784ced049",
      "renderPriority" : "NEUTRAL",
      "renditionMap" : { },
      "type" : "component"
    } ],
    "id" : "adbb3db7-4c3b-47c4-9af1-da958ed4d9c7",
    "regionName" : "content",
    "type" : "region"
  }, {
    "components" : [ {
      "componentAttributes" : {
        "customHeadTags" : "",
        "description" : "",
        "title" : "Home"
      },
      "componentName" : "forceCommunity:seoAssistant",
      "id" : "6408928c-6fdd-438f-bc4f-265e7090fe32",
      "renditionMap" : { },
      "type" : "component"
    } ],
    "id" : "d2bc834b-63e2-4e54-95dc-793529a4b044",
    "regionName" : "sfdcHiddenRegion",
    "type" : "region"
  } ],
  "themeLayoutType" : "Inner",
  "type" : "view",
  "viewType" : "home"
}