{
  "activeBrandingSetId" : "bf5ced30-3646-472e-a5ca-6ae0397985eb",
  "customCSS" : "",
  "developerName" : "starter",
  "id" : "61088cf8-31b4-4a08-b844-66776d9f4074",
  "label" : "Build Your Own",
  "layouts" : {
    "Inner" : "ad036659-d7b0-44c2-8ac5-ef6cc548c530",
    "Login" : "d0ec0bc8-1ab1-4743-aa0e-b38bc8c6ecbc",
    "ServiceNotAvailable" : "9862f752-d9d6-4c6c-8564-ecf904e9f50d"
  },
  "type" : "theme",
  "views" : [ {
    "componentAttributes" : { },
    "componentName" : "salesforceIdentity:loginBody2",
    "id" : "d0ec0bc8-1ab1-4743-aa0e-b38bc8c6ecbc",
    "label" : "Login",
    "regions" : [ {
      "id" : "8fe66ab8-6b77-40c5-a33c-675764ec34f0",
      "regionName" : "header",
      "type" : "region"
    }, {
      "id" : "b35da366-133e-4a88-9af5-f0093802723c",
      "regionName" : "content",
      "type" : "region"
    }, {
      "id" : "5f054c77-c4e5-4c73-9262-920e81863cbb",
      "regionName" : "footer",
      "type" : "region"
    } ],
    "type" : "view"
  }, {
    "componentAttributes" : {
      "fixedPageWidth" : 1440,
      "isPageWidthFixed" : true
    },
    "componentName" : "siteforce:starterBody",
    "id" : "ad036659-d7b0-44c2-8ac5-ef6cc548c530",
    "label" : "Default",
    "regions" : [ {
      "components" : [ {
        "componentAttributes" : {
          "maxAutoCompleteResults" : 5,
          "searchLabel" : "Search...",
          "searchObjects" : [ {
            "isPublic" : true,
            "name" : "Account"
          } ]
        },
        "componentName" : "forceCommunity:globalSearchInput",
        "id" : "edcf50e4-9f78-49da-9635-28b513c178db",
        "renditionMap" : { },
        "type" : "component"
      } ],
      "id" : "d7b16269-b35f-4ca7-9a9e-f19d02078931",
      "regionName" : "search",
      "type" : "region"
    }, {
      "components" : [ {
        "componentAttributes" : {
          "accountManagementLabel" : "Account Management",
          "communityBuilderLabel" : "Experience Builder",
          "communitySetupLabel" : "Salesforce Setup",
          "contactSupportLabel" : "Contact Support",
          "filterName" : "MyCases",
          "homeLabel" : "Home",
          "includeContactSupport" : true,
          "includeMessages" : false,
          "loginLabel" : "Login",
          "logoutLabel" : "Logout",
          "myAccountLabel" : "My Account",
          "showAccountManagement" : true,
          "showUserSettings" : true,
          "userSettingsLabel" : "My Settings",
          "viewProfileLabel" : "My Profile"
        },
        "componentName" : "selfService:userProfileMenu",
        "id" : "09daae77-ebf1-4e16-85ee-ad7b38291811",
        "renditionMap" : { },
        "type" : "component"
      } ],
      "id" : "10dfd75b-8dc6-4b71-9bf5-27a5e3d35608",
      "regionName" : "profileMenu",
      "type" : "region"
    }, {
      "components" : [ {
        "componentAttributes" : {
          "NavigationMenuEditorRefresh" : "",
          "hideAppLauncher" : true,
          "hideHomeText" : true
        },
        "componentName" : "forceCommunity:globalNavigation",
        "id" : "576e3f8d-8461-4220-81cc-a5a300afc155",
        "renditionMap" : { },
        "type" : "component"
      } ],
      "id" : "d7917411-6036-475b-9790-eb03c6217028",
      "regionName" : "navBar",
      "type" : "region"
    } ],
    "type" : "view"
  }, {
    "componentAttributes" : {
      "fixedPageWidth" : 1170,
      "headerBgColor" : "rgba(0, 0, 0, 0)",
      "isHeaderPinned" : false,
      "isHeroUnderHeader" : false,
      "isPageWidthFixed" : true,
      "showHeader" : true,
      "showHero" : true
    },
    "componentName" : "siteforce:themeLayoutStarter",
    "id" : "9862f752-d9d6-4c6c-8564-ecf904e9f50d",
    "label" : "ServiceNotAvailable",
    "regions" : [ {
      "id" : "544ff742-d584-470b-b4ee-c2fbeba4b2f8",
      "regionName" : "themeHeader",
      "type" : "region"
    }, {
      "id" : "3b0e69ba-0665-4376-ae36-f6291c14475c",
      "regionName" : "themeFooter",
      "type" : "region"
    } ],
    "type" : "view"
  } ]
}