{
  "activeBrandingSetId" : "417afa80-c1df-47f6-8953-b6738b5c0298",
  "customCSS" : "",
  "developerName" : "ember",
  "id" : "385355c8-2007-43ec-8554-e201db9f394a",
  "label" : "Ember",
  "layouts" : {
    "Inner" : "389628b0-8f04-4c16-8882-349ea0999c0a",
    "Login" : "dd595a48-cea0-40f5-a311-f9c8371f3d2e",
    "ServiceNotAvailable" : "ac541bad-8cf7-4b8c-95eb-e17fe0bf285d"
  },
  "type" : "theme",
  "views" : [ {
    "componentAttributes" : { },
    "componentName" : "salesforceIdentity:loginBody2",
    "id" : "dd595a48-cea0-40f5-a311-f9c8371f3d2e",
    "label" : "Login",
    "regions" : [ {
      "id" : "c9c47f1a-96ae-448b-ba5a-97e50c4fdfcd",
      "regionName" : "header",
      "type" : "region"
    }, {
      "id" : "11e46158-30ca-4ebb-98b5-a3fbccee4978",
      "regionName" : "content",
      "type" : "region"
    }, {
      "id" : "56b02734-57ca-498c-a360-7cce570b3cc6",
      "regionName" : "footer",
      "type" : "region"
    } ],
    "type" : "view"
  }, {
    "componentAttributes" : {
      "fixedPageWidth" : 1440,
      "headerBgColor" : "rgba(255, 255, 255, 0.8)",
      "isHeaderPinned" : false,
      "isHeroUnderHeader" : false,
      "isPageWidthFixed" : true,
      "showHeader" : true,
      "showHero" : false
    },
    "componentName" : "siteforce:themeLayoutStarter",
    "id" : "389628b0-8f04-4c16-8882-349ea0999c0a",
    "label" : "Default",
    "regions" : [ {
      "components" : [ {
        "componentAttributes" : {
          "background" : "background: rgb(248,249,250)",
          "backgroundOverlayColor" : "rgba(0, 0, 0, 0.3)",
          "borderBottomColor" : "rgb(58, 189, 134)",
          "borderTopColor" : "rgb(58, 189, 134)",
          "bottomRowHeight" : 5,
          "bottomRowOverlayColor" : "rgb(58, 189, 134)",
          "containHeader" : true,
          "containHeaderWidth" : 1440,
          "dropdownBackgroundColor" : "rgb(255, 255, 255)",
          "dropdownBackgroundHoverColor" : "",
          "dropdownBorderColor" : "rgb(240, 240, 240)",
          "dropdownTextColor" : "",
          "dropdownTextHoverColor" : "",
          "iconLinkColor" : "rgb(58, 189, 134)",
          "iconLinkHoverColor" : "rgb(58, 189, 134)",
          "iconLinkTextShadowColor" : "rgba(0, 0, 0, 0.5)",
          "linkActiveBorderColor" : "",
          "linkColor" : "rgb(4, 4, 4)",
          "linkHoverColor" : "rgba(0, 0, 0, 0.9)",
          "linkTextShadowColor" : "rgba(0, 0, 0, 0.5)",
          "logoWidth" : 100,
          "searchPosition" : "right",
          "searchStyle" : "expanded",
          "showAppLauncher" : false,
          "showNotifications" : true,
          "showProfileMenu" : true,
          "showSearch" : true,
          "topRowHeight" : 20
        },
        "componentName" : "forceCommunity:themeHeaderStacked",
        "id" : "0cec0451-ad31-4ac6-8f10-7fbf6763a7a7",
        "regions" : [ {
          "components" : [ {
            "componentAttributes" : {
              "buttonBackgroundColor" : "inherit",
              "buttonBackgroundHoverColor" : "inherit",
              "buttonBorderColor" : "transparent",
              "buttonBorderRadius" : 5,
              "buttonText" : "Log in",
              "buttonTextColor" : "#fff",
              "buttonTextHoverColor" : "#0099de",
              "customizableUserProfileMenuEditor" : "Default_User_Profile_Menu1",
              "menuStyleSettings" : ""
            },
            "componentName" : "forceCommunity:customizableUserProfileMenu",
            "id" : "54ee9fb5-89c5-4348-98e5-f7bcdc1f5620",
            "renditionMap" : { },
            "type" : "component"
          } ],
          "id" : "a7907818-cc8d-4ad9-9ae6-5a9d8cf7f24c",
          "regionName" : "themeHeaderProfileMenu",
          "type" : "region"
        }, {
          "components" : [ {
            "componentAttributes" : {
              "backgroundColor" : "rgb(255, 255, 255)",
              "borderColor" : "rgba(0, 15, 89, 0.5)",
              "borderRadius" : 4,
              "borderStyle" : "outline",
              "buttonColor" : "",
              "buttonHoverColor" : "",
              "crossObjectTypeaheadApiNames" : "",
              "iconColor" : "rgba(0, 0, 0, 0.8)",
              "placeholderText" : "Search...",
              "placeholderTextColor" : "rgba(0, 0, 0, 0.6)",
              "showInputFocusOutline" : true,
              "showSearchButton" : false,
              "textColor" : "rgba(0, 0, 0, 0.8)",
              "typeaheadResultMax" : 5,
              "useTypeahead" : true
            },
            "componentName" : "forceCommunity:themeSearch",
            "id" : "2845e3ae-b51f-45f1-89af-606be436d43a",
            "renditionMap" : { },
            "type" : "component"
          } ],
          "id" : "b70a49ec-5ddb-49da-9c43-dc691668fd75",
          "regionName" : "search",
          "type" : "region"
        }, {
          "components" : [ {
            "componentAttributes" : {
              "NavigationMenuEditorRefresh" : "Adoptiive_Applicant_Menu",
              "alignment" : "left",
              "showAppLauncher" : false,
              "showBackLabel" : false,
              "showHomeLink" : false
            },
            "componentName" : "forceCommunity:multiLevelNavigationWrapper",
            "id" : "ec17c2c0-0908-4173-99e6-b8b038be9d11",
            "renditionMap" : { },
            "type" : "component"
          } ],
          "id" : "8944a829-0a16-4073-b493-e43863bc07a8",
          "regionName" : "nav",
          "type" : "region"
        }, {
          "id" : "48cc8ac9-5f1a-4edf-bfcd-4ede9532d3a1",
          "regionName" : "cartIcon",
          "type" : "region"
        } ],
        "renditionMap" : { },
        "type" : "component"
      } ],
      "id" : "89101965-2ceb-4cc2-a3f2-f4200ec65ad8",
      "regionName" : "themeHeader",
      "type" : "region"
    }, {
      "components" : [ {
        "componentAttributes" : {
          "bgImage" : "background: rgb(241,241,241)",
          "bgOverlayColor" : "rgba(0, 0, 0, 0.2)",
          "captionText" : "Caption Content",
          "captionTextColor" : "rgba(0, 0, 0, 0.8)",
          "captionTextShadowColor" : "rgba(0, 0, 0, 0)",
          "contentAlignment" : "center",
          "contentWidth" : 45,
          "ctaBtnOneBgColor" : "",
          "ctaBtnOneBgHoverColor" : "",
          "ctaBtnOneBorderColor" : "rgba(0, 0, 0, 0)",
          "ctaBtnOneOpenNewTab" : false,
          "ctaBtnOneText" : "Primary",
          "ctaBtnOneTextColor" : "",
          "ctaBtnOneTextHoverColor" : "",
          "ctaBtnOneUrl" : "",
          "ctaBtnRadius" : 4,
          "ctaBtnTwoBgColor" : "rgba(255, 255, 255, 0)",
          "ctaBtnTwoBgHoverColor" : "rgba(255, 255, 255, 0.9)",
          "ctaBtnTwoBorderColor" : "rgba(0, 0, 0, 0.8)",
          "ctaBtnTwoOpenNewTab" : false,
          "ctaBtnTwoText" : "Secondary",
          "ctaBtnTwoTextColor" : "rgba(0, 0, 0, 0.8)",
          "ctaBtnTwoTextHoverColor" : "rgba(0, 0, 0, 0.8)",
          "ctaBtnTwoUrl" : "",
          "ctaShowBtnOne" : true,
          "ctaShowBtnTwo" : true,
          "fixedHeroWidth" : true,
          "heroHeight" : 80,
          "heroWidth" : 1440,
          "showCaption" : true,
          "showSubtitle" : true,
          "showTitle" : true,
          "subtitleText" : "Subtitle Content",
          "subtitleTextColor" : "rgba(0, 0, 0, 0.8)",
          "subtitleTextShadowColor" : "rgba(0, 0, 0, 0)",
          "titleText" : "Title Content",
          "titleTextColor" : "rgba(0, 0, 0, 0.8)",
          "titleTextShadowColor" : "rgba(0, 0, 0, 0)",
          "type" : "callToAction"
        },
        "componentName" : "forceCommunity:themeHeroStarter",
        "id" : "146798d5-dd39-4ea4-b77c-2bee05dec86a",
        "regions" : [ {
          "components" : [ {
            "componentAttributes" : {
              "backgroundColor" : "rgb(255, 255, 255)",
              "borderColor" : "rgba(0, 0, 0, 0.2)",
              "borderRadius" : 4,
              "borderStyle" : "outline",
              "buttonColor" : "",
              "buttonHoverColor" : "",
              "crossObjectTypeaheadApiNames" : "",
              "iconColor" : "rgb(255, 255, 255)",
              "placeholderText" : "Ask a question...",
              "placeholderTextColor" : "rgba(0, 0, 0, 0.6)",
              "publicDropdownBackgroundColor" : "rgb(255, 255, 255)",
              "publicDropdownBackgroundHoverColor" : "",
              "publicDropdownBorderColor" : "rgb(240, 240, 240)",
              "publicDropdownTextColor" : "",
              "publicDropdownTextHoverColor" : "",
              "showInputFocusOutline" : true,
              "showSearchButton" : true,
              "textColor" : "rgba(0, 0, 0, 0.8)",
              "typeaheadResultMax" : 6,
              "useTypeahead" : true
            },
            "componentName" : "forceCommunity:themeSearchHero",
            "id" : "98aaf41d-2483-46f6-a735-07c2108c59cd",
            "renditionMap" : { },
            "type" : "component"
          } ],
          "id" : "148a7aee-97d3-4f8b-96f7-ef0d8b4782db",
          "regionName" : "search",
          "type" : "region"
        } ],
        "renditionMap" : { },
        "type" : "component"
      } ],
      "id" : "4d618e22-7c88-416f-9d8a-63061a1cfb9d",
      "regionName" : "themeHero",
      "type" : "region"
    }, {
      "id" : "3c8d9e5b-810e-4b30-9fc4-1a106db3402c",
      "regionName" : "themeFooter",
      "type" : "region"
    } ],
    "type" : "view"
  }, {
    "componentAttributes" : {
      "fixedPageWidth" : 1440,
      "headerBgColor" : "rgba(0, 0, 0, 0)",
      "isHeaderPinned" : false,
      "isHeroUnderHeader" : false,
      "isPageWidthFixed" : true,
      "showHeader" : true,
      "showHero" : true
    },
    "componentName" : "siteforce:themeLayoutStarter",
    "id" : "ac541bad-8cf7-4b8c-95eb-e17fe0bf285d",
    "label" : "ServiceNotAvailable",
    "regions" : [ {
      "id" : "ed8577ce-4936-4700-b592-7eeb59e0d189",
      "regionName" : "themeHeader",
      "type" : "region"
    }, {
      "id" : "545d65ba-6749-4c21-ac50-f542c7922f87",
      "regionName" : "themeFooter",
      "type" : "region"
    } ],
    "type" : "view"
  } ]
}