{
  "Version": "2012-10-17",
  "Id": "kms-key-policy-rds",
  "Statement": [
    {
      "Sid": "Allow access through for all principals in the account that are authorized to use kms",
      "Effect": "Allow",
      "Principal": {
        "AWS": "*"
      },
      "Action": [
        "kms:Encrypt",
        "kms:Decrypt",
        "kms:ReEncrypt*",
        "kms:GenerateDataKey*",
        "kms:CreateGrant",
        "kms:DescribeKey",
        "kms:RetireGrant"
      ],
      "Resource": "*",
      "Condition": {
        "StringEquals": {
          "kms:CallerAccount": "688022033196",
          "kms:ViaService": "rds.ap-southeast-1.amazonaws.com"
        }
      }
    },
    {
      "Sid": "Enable IAM User Permissions",
      "Effect": "Allow",
      "Principal": {
        "AWS": "arn:aws:iam::688022033196:root"
      },
      "Action": "kms:*",
      "Resource": "*"
    }
  ]
}