<?xml version="1.0" encoding="UTF-8"?>
<ApprovalProcess xmlns="http://soap.sforce.com/2006/04/metadata">
    <active>true</active>
    <allowRecall>false</allowRecall>
    <allowedSubmitters>
        <type>creator</type>
    </allowedSubmitters>
    <approvalPageFields>
        <field>Name</field>
        <field>RP_ApprovalProcessRemarks__c</field>
        <field>RP_ReviewDateSuggested__c</field>
        <field>Status</field>
        <field>CreatedDate</field>
    </approvalPageFields>
    <approvalStep>
        <allowDelegate>true</allowDelegate>
        <assignedApprover>
            <approver>
                <type>userHierarchyField</type>
            </approver>
            <whenMultipleApprovers>FirstResponse</whenMultipleApprovers>
        </assignedApprover>
        <label>Step 1</label>
        <name>Step_1</name>
        <rejectionActions>
            <action>
                <name>Reassigned_test</name>
                <type>Task</type>
            </action>
        </rejectionActions>
    </approvalStep>
    <emailTemplate>Custom_Email_Template/RP_Pending_Fresh_Lead</emailTemplate>
    <enableMobileDeviceAccess>false</enableMobileDeviceAccess>
    <entryCriteria>
        <criteriaItems>
            <field>CaseProceeding.Status</field>
            <operation>notEqual</operation>
            <value>Closed,Pending Fresh Lead</value>
        </criteriaItems>
    </entryCriteria>
    <finalApprovalActions>
        <action>
            <name>Approved_Request</name>
            <type>Alert</type>
        </action>
        <action>
            <name>RP_UpdateStatusToPendingFreshLead</name>
            <type>FieldUpdate</type>
        </action>
        <action>
            <name>Your_approval_for_Pending_Fresh_Lead_has_been_approved</name>
            <type>Task</type>
        </action>
    </finalApprovalActions>
    <finalApprovalRecordLock>false</finalApprovalRecordLock>
    <finalRejectionActions>
        <action>
            <name>Approval_for_Pending_Fresh_Lead_is_rejected</name>
            <type>Task</type>
        </action>
        <action>
            <name>Rejected_Email</name>
            <type>Alert</type>
        </action>
    </finalRejectionActions>
    <finalRejectionRecordLock>false</finalRejectionRecordLock>
    <label>Pending Fresh Lead Approval</label>
    <nextAutomatedApprover>
        <useApproverFieldOfRecordOwner>false</useApproverFieldOfRecordOwner>
        <userHierarchyField>Manager</userHierarchyField>
    </nextAutomatedApprover>
    <processOrder>1</processOrder>
    <recordEditability>AdminOnly</recordEditability>
    <showApprovalHistory>true</showApprovalHistory>
</ApprovalProcess>
