<?xml version="1.0" encoding="UTF-8"?>
<ApprovalProcess xmlns="http://soap.sforce.com/2006/04/metadata">
    <active>true</active>
    <allowRecall>false</allowRecall>
    <allowedSubmitters>
        <type>creator</type>
    </allowedSubmitters>
    <approvalPageFields>
        <field>Name</field>
        <field>RP_ReviewDate__c</field>
        <field>Status</field>
        <field>CreatedDate</field>
    </approvalPageFields>
    <approvalStep>
        <allowDelegate>true</allowDelegate>
        <assignedApprover>
            <approver>
                <name>RP_ApprovingSupervisor__c</name>
                <type>relatedUserField</type>
            </approver>
            <whenMultipleApprovers>FirstResponse</whenMultipleApprovers>
        </assignedApprover>
        <label>Step 1</label>
        <name>Step_1</name>
    </approvalStep>
    <description>IO to submit to Supervisor to close the case</description>
    <enableMobileDeviceAccess>false</enableMobileDeviceAccess>
    <entryCriteria>
        <criteriaItems>
            <field>CaseProceeding.RecordType</field>
            <operation>equals</operation>
            <value>Investigation</value>
        </criteriaItems>
    </entryCriteria>
    <finalApprovalActions>
        <action>
            <name>RP_ApprovedCloseRequest</name>
            <type>Alert</type>
        </action>
        <action>
            <name>RP_CloseStatus</name>
            <type>FieldUpdate</type>
        </action>
        <action>
            <name>RP_ReviewDate</name>
            <type>FieldUpdate</type>
        </action>
    </finalApprovalActions>
    <finalApprovalRecordLock>true</finalApprovalRecordLock>
    <finalRejectionActions>
        <action>
            <name>RP_RejectedCloseRequest</name>
            <type>Alert</type>
        </action>
    </finalRejectionActions>
    <finalRejectionRecordLock>false</finalRejectionRecordLock>
    <initialSubmissionActions>
        <action>
            <name>RP_CloseApprovalRequestedEmail</name>
            <type>Alert</type>
        </action>
        <action>
            <name>RP_UpdateApprovingSupervisor</name>
            <type>FieldUpdate</type>
        </action>
    </initialSubmissionActions>
    <label>Close Approval</label>
    <processOrder>2</processOrder>
    <recordEditability>AdminOnly</recordEditability>
    <showApprovalHistory>true</showApprovalHistory>
</ApprovalProcess>
