<?xml version="1.0" encoding="UTF-8"?>
<ApprovalProcess xmlns="http://soap.sforce.com/2006/04/metadata">
    <active>true</active>
    <allowRecall>false</allowRecall>
    <allowedSubmitters>
        <type>owner</type>
    </allowedSubmitters>
    <allowedSubmitters>
        <submitter>Investigation_Officer</submitter>
        <type>role</type>
    </allowedSubmitters>
    <approvalPageFields>
        <field>Name</field>
        <field>CreatedDate</field>
        <field>Description</field>
        <field>Category</field>
        <field>CollectionDateTime</field>
        <field>Status</field>
        <field>RP_ApprovingSupervisor__c</field>
        <field>RP_ReasonforRequest__c</field>
        <field>RP_ReasonforRejection__c</field>
        <field>RP_WithdrawRequestStatus__c</field>
    </approvalPageFields>
    <approvalStep>
        <allowDelegate>true</allowDelegate>
        <assignedApprover>
            <approver>
                <name>RP_ApprovingSupervisor__c</name>
                <type>relatedUserField</type>
            </approver>
            <whenMultipleApprovers>FirstResponse</whenMultipleApprovers>
        </assignedApprover>
        <description>ICP UC: Custody Item withdrawn approval request.</description>
        <label>Custody Item Withdrawn Approval</label>
        <name>RP_CustodyItemWIthdrawnApprovalRequest</name>
    </approvalStep>
    <description>VJ--&gt; Approval is needed when an Custody Item is withdrawn</description>
    <emailTemplate>Custom_Email_Template/RP_CustodyItemWithdrawnApproval</emailTemplate>
    <enableMobileDeviceAccess>false</enableMobileDeviceAccess>
    <finalApprovalActions>
        <action>
            <name>Custody_Item_has_been_approved</name>
            <type>Alert</type>
        </action>
        <action>
            <name>Update_Item_status_to_approved</name>
            <type>FieldUpdate</type>
        </action>
        <action>
            <name>Want_to_withdraw_an_Custody_Item</name>
            <type>Task</type>
        </action>
    </finalApprovalActions>
    <finalApprovalRecordLock>true</finalApprovalRecordLock>
    <finalRejectionActions>
        <action>
            <name>Rejection_Email</name>
            <type>Alert</type>
        </action>
        <action>
            <name>RP_UpdateCIStatustoRejected</name>
            <type>FieldUpdate</type>
        </action>
    </finalRejectionActions>
    <finalRejectionRecordLock>false</finalRejectionRecordLock>
    <initialSubmissionActions>
        <action>
            <name>Initial_Approval_Request_Submission</name>
            <type>Alert</type>
        </action>
        <action>
            <name>RP_UpdateCIStatustoPending</name>
            <type>FieldUpdate</type>
        </action>
        <action>
            <name>Want_to_withdraw_an_Custody_Item</name>
            <type>Task</type>
        </action>
    </initialSubmissionActions>
    <label>Custody Item Withdrawal</label>
    <processOrder>1</processOrder>
    <recordEditability>AdminOnly</recordEditability>
    <showApprovalHistory>true</showApprovalHistory>
</ApprovalProcess>
