<?xml version="1.0" encoding="UTF-8"?>
<ApprovalProcess xmlns="http://soap.sforce.com/2006/04/metadata">
    <active>true</active>
    <allowRecall>false</allowRecall>
    <allowedSubmitters>
        <type>owner</type>
    </allowedSubmitters>
    <!-- <allowedSubmitters>
        <submitter>ling.yee.ng@accenture.com.qa</submitter>
        <type>user</type>
    </allowedSubmitters> -->
    <approvalPageFields>
        <field>Name</field>
        <field>Owner</field>
        <field>CreatedDate</field>
    </approvalPageFields>
    <approvalStep>
        <allowDelegate>false</allowDelegate>
        <assignedApprover>
            <approver>
                <name>RP_JPJS_Approval_Queue</name>
                <type>queue</type>
            </approver>
            <whenMultipleApprovers>FirstResponse</whenMultipleApprovers>
        </assignedApprover>
        <label>Approval Request</label>
        <name>Approval_request</name>
    </approvalStep>
    <enableMobileDeviceAccess>false</enableMobileDeviceAccess>
    <entryCriteria>
        <criteriaItems>
            <field>IndividualApplication.RecordType</field>
            <operation>equals</operation>
            <value>Enabling Services</value>
        </criteriaItems>
        <criteriaItems>
            <field>IndividualApplication.RP_SubStatus__c</field>
            <operation>equals</operation>
            <value>In Review</value>
        </criteriaItems>
        <criteriaItems>
            <field>IndividualApplication.Category</field>
            <operation>equals</operation>
            <value>JPJS</value>
        </criteriaItems>
        <criteriaItems>
            <field>IndividualApplication.Status</field>
            <operation>equals</operation>
            <value>In Progress</value>
        </criteriaItems>
        <criteriaItems>
            <field>IndividualApplication.RP_IsReworkRequired__c</field>
            <operation>equals</operation>
            <value>False</value>
        </criteriaItems>
    </entryCriteria>
    <finalApprovalActions>
        <action>
            <name>Application_Sub_Status</name>
            <type>FieldUpdate</type>
        </action>
        <action>
            <name>Update_App_Status_to_Closed</name>
            <type>FieldUpdate</type>
        </action>
    </finalApprovalActions>
    <finalApprovalRecordLock>true</finalApprovalRecordLock>
    <finalRejectionActions>
        <action>
            <name>Trigger_Rejection_Status</name>
            <type>FieldUpdate</type>
        </action>
    </finalRejectionActions>
    <finalRejectionRecordLock>false</finalRejectionRecordLock>
    <initialSubmissionActions>
        <action>
            <name>Email_to_Supervisor</name>
            <type>Alert</type>
        </action>
    </initialSubmissionActions>
    <label>RP Approval for Individual Application</label>
    <processOrder>1</processOrder>
    <recordEditability>AdminOrCurrentApprover</recordEditability>
    <showApprovalHistory>true</showApprovalHistory>
</ApprovalProcess>
