<?xml version="1.0" encoding="UTF-8"?>
<ApprovalProcess xmlns="http://soap.sforce.com/2006/04/metadata">
    <active>true</active>
    <allowRecall>true</allowRecall>
    <allowedSubmitters>
        <submitter>AP_Users</submitter>
        <type>role</type>
    </allowedSubmitters>
    <allowedSubmitters>
        <submitter>CP_Users</submitter>
        <type>role</type>
    </allowedSubmitters>
    <approvalPageFields>
        <field>Name</field>
        <field>RP_Case__c</field>
        <field>RP_Decision__c</field>
        <field>RP_DecisionRemarks__c</field>
        <field>RP_DecisionOther__c</field>
        <field>RP_AgencyTypeDisplay__c</field>
        <field>RP_AgencyNameDisplay__c</field>
        <field>RP_PartnerContactName__c</field>
        <field>RP_PartnerContactEmail__c</field>
        <field>RP_PartnerContactPhone__c</field>
        <field>RP_PartnerContactPositionTitle__c</field>
        <field>CreatedBy</field>
        <field>LastModifiedBy</field>
    </approvalPageFields>
    <approvalStep>
        <allowDelegate>true</allowDelegate>
        <approvalActions>
            <action>
                <name>RP_Update_ClientDecision_To_Approved</name>
                <type>FieldUpdate</type>
            </action>
        </approvalActions>
        <assignedApprover>
            <approver>
                <name>RP_ApprovingSupervisor__c</name>
                <type>relatedUserField</type>
            </approver>
            <whenMultipleApprovers>FirstResponse</whenMultipleApprovers>
        </assignedApprover>
        <label>Client&apos;s Decision Approval</label>
        <name>Client_Decision_Approval</name>
    </approvalStep>
    <description>20230711 SSNETVIJNM-667 Grace : approval process for RP client&apos;s decision</description>
    <emailTemplate>Custom_Email_Template/RP_Client_Decision_Approval_Request</emailTemplate>
    <enableMobileDeviceAccess>false</enableMobileDeviceAccess>
    <entryCriteria>
        <criteriaItems>
            <field>Case.RecordType</field>
            <operation>equals</operation>
            <value>Adult Protection,Child Protection</value>
        </criteriaItems>
        <criteriaItems>
            <field>Case.IsClosed</field>
            <operation>equals</operation>
            <value>False</value>
        </criteriaItems>
        <criteriaItems>
            <field>RP_ClientDecision__c.RP_Status__c</field>
            <operation>equals</operation>
            <value>Pending</value>
        </criteriaItems>
    </entryCriteria>
    <finalApprovalActions>
        <action>
            <name>RP_Update_ClientDecision_To_Approved</name>
            <type>FieldUpdate</type>
        </action>
    </finalApprovalActions>
    <finalApprovalRecordLock>false</finalApprovalRecordLock>
    <finalRejectionActions>
        <action>
            <name>RP_Update_ClientDecision_To_Rejected</name>
            <type>FieldUpdate</type>
        </action>
    </finalRejectionActions>
    <finalRejectionRecordLock>false</finalRejectionRecordLock>
    <label>RP Approve Client&apos;s Decision</label>
    <processOrder>1</processOrder>
    <recallActions>
        <action>
            <name>RP_Update_ClientDecision_To_Recalled</name>
            <type>FieldUpdate</type>
        </action>
    </recallActions>
    <recordEditability>AdminOnly</recordEditability>
    <showApprovalHistory>true</showApprovalHistory>
</ApprovalProcess>
