<?xml version="1.0" encoding="UTF-8"?>
<ApprovalProcess xmlns="http://soap.sforce.com/2006/04/metadata">
    <active>true</active>
    <allowRecall>false</allowRecall>
    <allowedSubmitters>
        <submitter>AP_Users</submitter>
        <type>role</type>
    </allowedSubmitters>
    <allowedSubmitters>
        <submitter>CP_Users</submitter>
        <type>role</type>
    </allowedSubmitters>
    <approvalPageFields>
        <field>Name</field>
        <field>CreatedBy</field>
        <field>LastModifiedBy</field>
    </approvalPageFields>
    <approvalStep>
        <allowDelegate>true</allowDelegate>
        <assignedApprover>
            <approver>
                <name>RP_ApprovingSupervisor__c</name>
                <type>relatedUserField</type>
            </approver>
            <whenMultipleApprovers>FirstResponse</whenMultipleApprovers>
        </assignedApprover>
        <label>CAPF Approval Request</label>
        <name>RP_CAPFApprovalRequest</name>
    </approvalStep>
    <description>SSNETVIJNM-921-Jeeva: approval process for capf</description>
    <emailTemplate>Custom_Email_Template/RP_CAPF_Approval_Request</emailTemplate>
    <enableMobileDeviceAccess>false</enableMobileDeviceAccess>
    <finalApprovalActions>
        <action>
            <name>RP_Update_CAPF_Status_To_Approved</name>
            <type>FieldUpdate</type>
        </action>
    </finalApprovalActions>
    <finalApprovalRecordLock>false</finalApprovalRecordLock>
    <finalRejectionActions>
        <action>
            <name>RP_Update_CAPF_Status_To_Rejected</name>
            <type>FieldUpdate</type>
        </action>
    </finalRejectionActions>
    <finalRejectionRecordLock>false</finalRejectionRecordLock>
    <initialSubmissionActions>
        <action>
            <name>RP_Update_CAPF_Status_To_Pending</name>
            <type>FieldUpdate</type>
        </action>
    </initialSubmissionActions>
    <label>RP Approval Request For CAPF</label>
    <processOrder>1</processOrder>
    <recordEditability>AdminOnly</recordEditability>
    <showApprovalHistory>true</showApprovalHistory>
</ApprovalProcess>
