<?xml version="1.0" encoding="UTF-8"?>
<EmailTemplate xmlns="http://soap.sforce.com/2006/04/metadata">
    <available>true</available>
    <description>LI Inspection days left for Visit</description>
    <encodingKey>UTF-8</encodingKey>
    <letterhead>RP_MSFLetterHead</letterhead>
    <name>LI Inspection Days left</name>
    <style>formalLetter</style>
    <subject>Appointment for Inspection Visit by Licensing Officer</subject>
    <textOnly>Dear Home Staff {!Visit.Name}. Is scheduled on {!Visit.RP_DaysLefttoInspection__c} , Please prepare and do let us know if you want to make any changes

Thank you
{!Visit.OwnerFullName}</textOnly>
    <type>html</type>
    <uiType>Aloha</uiType>
</EmailTemplate>
