<?xml version="1.0" encoding="UTF-8"?>
<EmailTemplate xmlns="http://soap.sforce.com/2006/04/metadata">
    <available>true</available>
    <description>Pending Fresh Lead - Approval Requested Email</description>
    <encodingKey>UTF-8</encodingKey>
    <name>Pending Fresh Lead - Approval Requested Email</name>
    <style>none</style>
    <subject>{!CaseProceeding.OwnerFullName} is requesting for Pending Fresh Lead approval</subject>
    <type>text</type>
    <uiType>Aloha</uiType>
</EmailTemplate>
