<?xml version="1.0" encoding="UTF-8"?>
<EmailTemplate xmlns="http://soap.sforce.com/2006/04/metadata">
    <available>true</available>
    <description>Application Sent for Approval - SGE Staff submitting for approval</description>
    <encodingKey>UTF-8</encodingKey>
    <name>Pending Approval Email to Supervisor</name>
    <style>none</style>
    <subject>[Pending Approval] JPJS Application {!IndividualApplication.Name} - {!IndividualApplication.ApplicationName}</subject>
    <type>text</type>
    <uiType>Aloha</uiType>
</EmailTemplate>
