<?xml version="1.0" encoding="UTF-8"?>
<Dashboard xmlns="http://soap.sforce.com/2006/04/metadata">
    <backgroundEndColor>#FFFFFF</backgroundEndColor>
    <backgroundFadeDirection>Diagonal</backgroundFadeDirection>
    <backgroundStartColor>#FFFFFF</backgroundStartColor>
    <chartTheme>light</chartTheme>
    <colorPalette>unity</colorPalette>
    <dashboardChartTheme>light</dashboardChartTheme>
    <dashboardColorPalette>unity</dashboardColorPalette>
    <dashboardGridLayout>
        <dashboardGridComponents>
            <colSpan>6</colSpan>
            <columnIndex>0</columnIndex>
            <dashboardComponent>
                <autoselectColumnsFromReport>true</autoselectColumnsFromReport>
                <chartAxisRange>Auto</chartAxisRange>
                <componentType>Bar</componentType>
                <displayUnits>Auto</displayUnits>
                <drillEnabled>false</drillEnabled>
                <drillToDetailEnabled>false</drillToDetailEnabled>
                <enableHover>false</enableHover>
                <expandOthers>false</expandOthers>
                <groupingSortProperties/>
                <header>Intake cases per month</header>
                <report>RP_APSupervisor/RP_AP_active_intake_cases_per_month</report>
                <showPercentage>false</showPercentage>
                <showPicturesOnCharts>false</showPicturesOnCharts>
                <showValues>false</showValues>
                <sortBy>RowLabelAscending</sortBy>
                <useReportChart>true</useReportChart>
            </dashboardComponent>
            <rowIndex>0</rowIndex>
            <rowSpan>8</rowSpan>
        </dashboardGridComponents>
        <dashboardGridComponents>
            <colSpan>6</colSpan>
            <columnIndex>6</columnIndex>
            <dashboardComponent>
                <autoselectColumnsFromReport>true</autoselectColumnsFromReport>
                <chartAxisRange>Auto</chartAxisRange>
                <componentType>Bar</componentType>
                <displayUnits>Auto</displayUnits>
                <drillEnabled>false</drillEnabled>
                <drillToDetailEnabled>false</drillToDetailEnabled>
                <enableHover>false</enableHover>
                <expandOthers>false</expandOthers>
                <groupingSortProperties/>
                <header>Investigation cases per month</header>
                <report>RP_APSupervisor/RP_AP_Active_Investigation_cases_per_month</report>
                <showPercentage>false</showPercentage>
                <showPicturesOnCharts>false</showPicturesOnCharts>
                <showValues>false</showValues>
                <sortBy>RowLabelAscending</sortBy>
                <useReportChart>true</useReportChart>
            </dashboardComponent>
            <rowIndex>0</rowIndex>
            <rowSpan>8</rowSpan>
        </dashboardGridComponents>
        <dashboardGridComponents>
            <colSpan>4</colSpan>
            <columnIndex>0</columnIndex>
            <dashboardComponent>
                <autoselectColumnsFromReport>true</autoselectColumnsFromReport>
                <chartAxisRange>Auto</chartAxisRange>
                <componentType>Bar</componentType>
                <displayUnits>Auto</displayUnits>
                <drillEnabled>false</drillEnabled>
                <drillToDetailEnabled>false</drillToDetailEnabled>
                <enableHover>false</enableHover>
                <expandOthers>false</expandOthers>
                <groupingSortProperties>
                    <groupingSorts>
                        <groupingLevel>g1</groupingLevel>
                        <sortOrder>a</sortOrder>
                    </groupingSorts>
                </groupingSortProperties>
                <header>Type of abuse breakdown</header>
                <legendPosition>Bottom</legendPosition>
                <report>RP_APSupervisor/RP_AP_Type_of_Abuse_Breakdown</report>
                <showPercentage>false</showPercentage>
                <showPicturesOnCharts>false</showPicturesOnCharts>
                <showValues>true</showValues>
                <sortBy>RowLabelAscending</sortBy>
                <useReportChart>true</useReportChart>
            </dashboardComponent>
            <rowIndex>8</rowIndex>
            <rowSpan>8</rowSpan>
        </dashboardGridComponents>
        <dashboardGridComponents>
            <colSpan>4</colSpan>
            <columnIndex>4</columnIndex>
            <dashboardComponent>
                <autoselectColumnsFromReport>false</autoselectColumnsFromReport>
                <chartAxisRange>Auto</chartAxisRange>
                <chartSummary>
                    <axisBinding>y</axisBinding>
                    <column>RowCount</column>
                </chartSummary>
                <componentType>Column</componentType>
                <decimalPrecision>-1</decimalPrecision>
                <displayUnits>Auto</displayUnits>
                <drillEnabled>false</drillEnabled>
                <drillToDetailEnabled>false</drillToDetailEnabled>
                <enableHover>false</enableHover>
                <expandOthers>false</expandOthers>
                <groupingColumn>RP_ClientDecision__c.RP_Decision__c</groupingColumn>
                <groupingSortProperties>
                    <groupingSorts>
                        <groupingLevel>g1</groupingLevel>
                        <sortOrder>a</sortOrder>
                    </groupingSorts>
                </groupingSortProperties>
                <header>Breakdown of cases by closure reason</header>
                <legendPosition>Bottom</legendPosition>
                <report>RP_APSupervisor/RP_AP_Breakdown_of_cases_by_closure_reason</report>
                <showPercentage>false</showPercentage>
                <showValues>true</showValues>
                <sortBy>RowLabelAscending</sortBy>
                <useReportChart>false</useReportChart>
            </dashboardComponent>
            <rowIndex>8</rowIndex>
            <rowSpan>8</rowSpan>
        </dashboardGridComponents>
        <dashboardGridComponents>
            <colSpan>4</colSpan>
            <columnIndex>8</columnIndex>
            <dashboardComponent>
                <autoselectColumnsFromReport>false</autoselectColumnsFromReport>
                <chartAxisRange>Auto</chartAxisRange>
                <chartSummary>
                    <axisBinding>y</axisBinding>
                    <column>RowCount</column>
                </chartSummary>
                <componentType>Donut</componentType>
                <decimalPrecision>-1</decimalPrecision>
                <displayUnits>Auto</displayUnits>
                <drillEnabled>false</drillEnabled>
                <drillToDetailEnabled>false</drillToDetailEnabled>
                <enableHover>false</enableHover>
                <expandOthers>false</expandOthers>
                <groupingColumn>Case.CaseProceeding$RP_IsContested__c</groupingColumn>
                <groupingSortProperties>
                    <groupingSorts>
                        <groupingLevel>g1</groupingLevel>
                        <sortOrder>a</sortOrder>
                    </groupingSorts>
                </groupingSortProperties>
                <header>Court Cases vs Contested Cases</header>
                <legendPosition>Right</legendPosition>
                <report>RP_APSupervisor/RP_Court_Cases_vs_Contested_Cases</report>
                <showPercentage>false</showPercentage>
                <showTotal>true</showTotal>
                <showValues>true</showValues>
                <sortBy>RowLabelAscending</sortBy>
                <useReportChart>false</useReportChart>
            </dashboardComponent>
            <rowIndex>8</rowIndex>
            <rowSpan>8</rowSpan>
        </dashboardGridComponents>
        <dashboardGridComponents>
            <colSpan>4</colSpan>
            <columnIndex>0</columnIndex>
            <dashboardComponent>
                <autoselectColumnsFromReport>false</autoselectColumnsFromReport>
                <componentType>FlexTable</componentType>
                <flexComponentProperties>
                    <decimalPrecision>-1</decimalPrecision>
                    <flexTableColumn>
                        <reportColumn>CASE_NUMBER</reportColumn>
                        <showSubTotal>false</showSubTotal>
                        <showTotal>false</showTotal>
                        <type>detail</type>
                    </flexTableColumn>
                    <flexTableColumn>
                        <reportColumn>STATUS</reportColumn>
                        <showSubTotal>false</showSubTotal>
                        <showTotal>false</showTotal>
                        <type>detail</type>
                    </flexTableColumn>
                    <flexTableColumn>
                        <reportColumn>Case.RP_CaseReferenceNumber__c</reportColumn>
                        <showSubTotal>false</showSubTotal>
                        <showTotal>false</showTotal>
                        <type>detail</type>
                    </flexTableColumn>
                    <flexTableColumn>
                        <reportColumn>CUST_NAME</reportColumn>
                        <showSubTotal>false</showSubTotal>
                        <showTotal>false</showTotal>
                        <type>detail</type>
                    </flexTableColumn>
                    <flexTableColumn>
                        <reportColumn>RP_Review__c.RP_Status__c</reportColumn>
                        <showSubTotal>false</showSubTotal>
                        <showTotal>false</showTotal>
                        <type>detail</type>
                    </flexTableColumn>
                    <flexTableSortInfo>
                        <sortColumn>CASE_NUMBER</sortColumn>
                        <sortOrder>1</sortOrder>
                    </flexTableSortInfo>
                    <hideChatterPhotos>true</hideChatterPhotos>
                </flexComponentProperties>
                <groupingSortProperties/>
                <header>Investigation cases pending reviews</header>
                <report>RP_APSupervisor/RP_AP_Cases_Pending_Reviews</report>
            </dashboardComponent>
            <rowIndex>16</rowIndex>
            <rowSpan>8</rowSpan>
        </dashboardGridComponents>
        <dashboardGridComponents>
            <colSpan>4</colSpan>
            <columnIndex>4</columnIndex>
            <dashboardComponent>
                <autoselectColumnsFromReport>false</autoselectColumnsFromReport>
                <componentType>FlexTable</componentType>
                <flexComponentProperties>
                    <decimalPrecision>-1</decimalPrecision>
                    <flexTableColumn>
                        <reportColumn>CASE_NUMBER</reportColumn>
                        <showSubTotal>false</showSubTotal>
                        <showTotal>false</showTotal>
                        <type>detail</type>
                    </flexTableColumn>
                    <flexTableColumn>
                        <reportColumn>Case.RP_CaseReferenceNumber__c</reportColumn>
                        <showSubTotal>false</showSubTotal>
                        <showTotal>false</showTotal>
                        <type>detail</type>
                    </flexTableColumn>
                    <flexTableColumn>
                        <reportColumn>Case.RP_Stage__c</reportColumn>
                        <showSubTotal>false</showSubTotal>
                        <showTotal>false</showTotal>
                        <type>detail</type>
                    </flexTableColumn>
                    <flexTableColumn>
                        <reportColumn>CUST_NAME</reportColumn>
                        <showSubTotal>false</showSubTotal>
                        <showTotal>false</showTotal>
                        <type>detail</type>
                    </flexTableColumn>
                    <flexTableColumn>
                        <reportColumn>RP_ClientDecision__c.RP_Status__c</reportColumn>
                        <showSubTotal>false</showSubTotal>
                        <showTotal>false</showTotal>
                        <type>detail</type>
                    </flexTableColumn>
                    <flexTableColumn>
                        <reportColumn>RP_ClientDecision__c.RP_ApprovingSupervisor__c</reportColumn>
                        <showSubTotal>false</showSubTotal>
                        <showTotal>false</showTotal>
                        <type>detail</type>
                    </flexTableColumn>
                    <flexTableSortInfo>
                        <sortColumn>CASE_NUMBER</sortColumn>
                        <sortOrder>1</sortOrder>
                    </flexTableSortInfo>
                    <hideChatterPhotos>true</hideChatterPhotos>
                </flexComponentProperties>
                <groupingSortProperties/>
                <header>Cases pending closure</header>
                <report>RP_APSupervisor/RP_AP_cases_pending_closure_sup</report>
            </dashboardComponent>
            <rowIndex>16</rowIndex>
            <rowSpan>8</rowSpan>
        </dashboardGridComponents>
        <dashboardGridComponents>
            <colSpan>4</colSpan>
            <columnIndex>8</columnIndex>
            <dashboardComponent>
                <autoselectColumnsFromReport>false</autoselectColumnsFromReport>
                <componentType>FlexTable</componentType>
                <flexComponentProperties>
                    <decimalPrecision>-1</decimalPrecision>
                    <flexTableColumn>
                        <reportColumn>CASE_NUMBER</reportColumn>
                        <showSubTotal>false</showSubTotal>
                        <showTotal>false</showTotal>
                        <type>detail</type>
                    </flexTableColumn>
                    <flexTableColumn>
                        <reportColumn>Case.RP_CaseReferenceNumber__c</reportColumn>
                        <showSubTotal>false</showSubTotal>
                        <showTotal>false</showTotal>
                        <type>detail</type>
                    </flexTableColumn>
                    <flexTableColumn>
                        <reportColumn>STATUS</reportColumn>
                        <showSubTotal>false</showSubTotal>
                        <showTotal>false</showTotal>
                        <type>detail</type>
                    </flexTableColumn>
                    <flexTableColumn>
                        <reportColumn>CUST_NAME</reportColumn>
                        <showSubTotal>false</showSubTotal>
                        <showTotal>false</showTotal>
                        <type>detail</type>
                    </flexTableColumn>
                    <flexTableColumn>
                        <reportColumn>RP_Review__c.RP_Decisions__c</reportColumn>
                        <showSubTotal>false</showSubTotal>
                        <showTotal>false</showTotal>
                        <type>detail</type>
                    </flexTableColumn>
                    <flexTableSortInfo>
                        <sortColumn>CASE_NUMBER</sortColumn>
                        <sortOrder>1</sortOrder>
                    </flexTableSortInfo>
                    <hideChatterPhotos>true</hideChatterPhotos>
                </flexComponentProperties>
                <groupingSortProperties/>
                <header>Investigation cases due for closure</header>
                <report>RP_APOfficer/RP_AP_Cases_Due_for_Closure</report>
            </dashboardComponent>
            <rowIndex>16</rowIndex>
            <rowSpan>8</rowSpan>
        </dashboardGridComponents>
        <numberOfColumns>12</numberOfColumns>
        <rowHeight>36</rowHeight>
    </dashboardGridLayout>
    <dashboardType>LoggedInUser</dashboardType>
    <description>Ops Supervisor Dashboard - Adult Protection</description>
    <isGridLayout>true</isGridLayout>
    <textColor>#000000</textColor>
    <title>AP OPS Supervisor</title>
    <titleColor>#000000</titleColor>
    <titleSize>12</titleSize>
</Dashboard>
