<?xml version="1.0" encoding="UTF-8"?>
<DelegateGroup xmlns="http://soap.sforce.com/2006/04/metadata">
    <groups>AP Intake Users</groups>
    <groups>AP Investigation Users</groups>
    <groups>AP Supervisors</groups>
    <label>AP Delegated Admin</label>
    <loginAccess>false</loginAccess>
    <permissionSetGroups>AP Case Workers</permissionSetGroups>
    <permissionSetGroups>AP Intake Case Officers</permissionSetGroups>
    <permissionSetGroups>AP Intake Case Supervisors</permissionSetGroups>
    <permissionSetGroups>AP Investigation Case Officers</permissionSetGroups>
    <permissionSetGroups>AP Investigation Case Supervisors</permissionSetGroups>
    <permissionSetGroups>AP Public Complaint Supervisors</permissionSetGroups>
    <profiles>RP User</profiles>
    <roles>AP Users</roles>
</DelegateGroup>
