<?xml version="1.0" encoding="UTF-8"?>
<DelegateGroup xmlns="http://soap.sforce.com/2006/04/metadata">
    <groups>CP Intake Users</groups>
    <groups>CP Intervention Users</groups>
    <groups>CP Investigation Supervisors</groups>
    <groups>CP Investigation Users</groups>
    <label>CP Delegated Admin</label>
    <loginAccess>false</loginAccess>
    <permissionSetGroups>CP Case Workers</permissionSetGroups>
    <permissionSetGroups>CP Intake Case Officers</permissionSetGroups>
    <permissionSetGroups>CP Intake Case Supervisors</permissionSetGroups>
    <permissionSetGroups>CP Intervention Case Officers</permissionSetGroups>
    <permissionSetGroups>CP Intervention Case Supervisors</permissionSetGroups>
    <permissionSetGroups>CP Investigation Case Officers</permissionSetGroups>
    <permissionSetGroups>CP Investigation Case Supervisors</permissionSetGroups>
    <permissionSetGroups>CP Public Complaint Supervisors</permissionSetGroups>
    <profiles>RP User</profiles>
    <roles>CP Users</roles>
</DelegateGroup>
