{
  "appPageId" : "a88d4855-8fc5-4753-aa48-649666141f9d",
  "componentName" : "siteforce:sldsOneColLayout",
  "dataProviders" : [ ],
  "id" : "ac358266-90d6-4e83-8442-8d1906072bf6",
  "label" : "Check Password",
  "regions" : [ {
    "components" : [ {
      "componentAttributes" : {
        "richTextValue" : "<div class=\"inverseTextColor\" style=\"text-align: center;\"><span style=\"font-size:22px\">NOW, CHECK YOUR EMAIL</span></div>"
      },
      "componentName" : "forceCommunity:richTextInline",
      "id" : "0062a66e-44e3-4424-b5a6-ce1b6fa5bbe5",
      "renderPriority" : "NEUTRAL",
      "renditionMap" : { },
      "type" : "component"
    }, {
      "componentAttributes" : {
        "richTextValue" : "<div class=\"inverseTextColor\" style=\"text-align: center;\">Check the email account associated with your user name for instructions on resetting your password. Remember to look in your spam folder, where automated messages sometimes filter.   If you still can't log in, contact your administrator.</div>"
      },
      "componentName" : "forceCommunity:richTextInline",
      "id" : "1e04a113-9105-4715-adba-0aee16964554",
      "renderPriority" : "NEUTRAL",
      "renditionMap" : { },
      "type" : "component"
    }, {
      "componentAttributes" : {
        "richTextValue" : "<div style=\"text-align: center;\"><a class=\"inverseTextColor\" style=\"text-decoration: underline\" href=\"./\">Back to login</a></div>"
      },
      "componentName" : "forceCommunity:richTextInline",
      "id" : "e5aaafd5-295b-463a-a796-021f8ce12cdd",
      "renderPriority" : "NEUTRAL",
      "renditionMap" : { },
      "type" : "component"
    } ],
    "id" : "52d9ce3f-f2a0-4042-8db1-da3bca536e29",
    "regionName" : "content",
    "type" : "region"
  }, {
    "components" : [ {
      "componentAttributes" : {
        "customHeadTags" : "",
        "description" : "",
        "title" : "Check Password"
      },
      "componentName" : "forceCommunity:seoAssistant",
      "id" : "4a76e271-5a06-4eb7-b553-6bdc70a25396",
      "renditionMap" : { },
      "type" : "component"
    } ],
    "id" : "d6c8e7a4-5674-4f9a-9eff-fde4973ad9d6",
    "regionName" : "sfdcHiddenRegion",
    "type" : "region"
  } ],
  "themeLayoutType" : "Login",
  "type" : "view",
  "viewType" : "check-password"
}