{
  "appPageId" : "d1d55426-f8b9-4f35-9109-270bdae61f9c",
  "componentName" : "siteforce:sldsOneColLayout",
  "dataProviders" : [ ],
  "id" : "781c3855-fdc2-4e57-a9a0-10092d931cd3",
  "label" : "Create Record",
  "regions" : [ {
    "id" : "9fda915e-2dd2-475f-a810-5275986383c8",
    "regionName" : "header",
    "type" : "region"
  }, {
    "components" : [ {
      "componentAttributes" : {
        "actionApiName" : "{!actionApiName}",
        "isMicrobatch" : false
      },
      "componentName" : "forceCommunity:createRecordForm",
      "id" : "ea316533-560c-4041-a46f-ba66bf5f891b",
      "renderPriority" : "NEUTRAL",
      "renditionMap" : { },
      "type" : "component"
    } ],
    "id" : "29466c04-88e6-44b2-963a-1dad15c320dd",
    "regionName" : "content",
    "type" : "region"
  }, {
    "id" : "c7e4b21d-caa2-435d-a302-263fdadc37c0",
    "regionName" : "footer",
    "type" : "region"
  } ],
  "themeLayoutType" : "Inner",
  "type" : "view",
  "viewType" : "createrecord"
}