{
  "appPageId" : "d1d55426-f8b9-4f35-9109-270bdae61f9c",
  "componentName" : "siteforce:sldsOneColLayout",
  "dataProviders" : [ ],
  "id" : "36609729-cf5e-4606-a13b-fe965d558504",
  "label" : "Error",
  "regions" : [ {
    "id" : "31a2e31b-3497-4c2b-9ee1-d6b321c5d862",
    "regionName" : "header",
    "type" : "region"
  }, {
    "components" : [ {
      "componentAttributes" : {
        "richTextValue" : "<div style='text-align: center;'>Invalid Page</div>"
      },
      "componentName" : "forceCommunity:richTextInline",
      "id" : "2265a7a3-a323-498b-994b-3cb4393576c1",
      "renderPriority" : "NEUTRAL",
      "renditionMap" : { },
      "type" : "component"
    } ],
    "id" : "fdb83e4d-cd81-4eca-8217-a7a0408ac0bf",
    "regionName" : "content",
    "type" : "region"
  }, {
    "id" : "6752add7-86fc-4e1a-a04a-b0086e43d1c0",
    "regionName" : "footer",
    "type" : "region"
  }, {
    "components" : [ {
      "componentAttributes" : {
        "customHeadTags" : "",
        "description" : "",
        "title" : "Error"
      },
      "componentName" : "forceCommunity:seoAssistant",
      "id" : "f4bf9ead-788c-498c-9403-96578ddae115",
      "renditionMap" : { },
      "type" : "component"
    } ],
    "id" : "d5f40ec6-bdd0-4f0b-b9e1-5e677cb45db7",
    "regionName" : "sfdcHiddenRegion",
    "type" : "region"
  } ],
  "themeLayoutType" : "Inner",
  "type" : "view",
  "viewType" : "error"
}