{
  "appPageId" : "d1d55426-f8b9-4f35-9109-270bdae61f9c",
  "componentName" : "siteforce:sldsOneColLayout",
  "dataProviders" : [ ],
  "id" : "a1688c18-677e-4301-a8e0-0675b4bfc5ff",
  "label" : "Home",
  "regions" : [ {
    "id" : "3a8b75de-44b4-4dcf-aff1-f2df8a25d17f",
    "regionName" : "header",
    "type" : "region"
  }, {
    "components" : [ {
      "componentAttributes" : {
        "richTextValue" : "<p><span style=\"font-size: 48px;\">Let's get started!</span></p>"
      },
      "componentName" : "forceCommunity:richTextInline",
      "id" : "3b616326-6a90-4ee7-ba21-ecbbd0431441",
      "renderPriority" : "NEUTRAL",
      "renditionMap" : { },
      "type" : "component"
    } ],
    "id" : "3a1db1c2-0b74-4d5d-801e-57632f6eaa69",
    "regionName" : "content",
    "type" : "region"
  }, {
    "id" : "510c6ff8-e033-4f34-842f-71b82f82b4a0",
    "regionName" : "footer",
    "type" : "region"
  }, {
    "components" : [ {
      "componentAttributes" : {
        "customHeadTags" : "",
        "description" : "",
        "title" : "Home"
      },
      "componentName" : "forceCommunity:seoAssistant",
      "id" : "c3302a8a-d899-4a21-8bae-e9408afd7b47",
      "renditionMap" : { },
      "type" : "component"
    } ],
    "id" : "b1b28f05-5f0d-4adf-ba96-e2408c0b4a74",
    "regionName" : "sfdcHiddenRegion",
    "type" : "region"
  } ],
  "themeLayoutType" : "Inner",
  "type" : "view",
  "viewType" : "home"
}