{
  "appPageId" : "a88d4855-8fc5-4753-aa48-649666141f9d",
  "componentName" : "siteforce:sldsOneColLayout",
  "dataProviders" : [ ],
  "id" : "64f1a432-b0ca-442a-a270-929201ee82f8",
  "label" : "Login",
  "regions" : [ {
    "components" : [ {
      "componentAttributes" : { },
      "componentName" : "salesforceIdentity:communityLogo2",
      "id" : "c9074b25-c010-4ae6-b41e-a84232cf1d35",
      "renderPriority" : "NEUTRAL",
      "renditionMap" : { },
      "type" : "component"
    }, {
      "componentAttributes" : {
        "forgotPasswordLabel" : "Forgot your password?",
        "forgotPasswordUrl" : "/ForgotPassword",
        "loginButtonLabel" : "Log in",
        "passwordLabel" : "Password",
        "selfRegisterLabel" : "Not a member?",
        "selfRegisterUrl" : "/SelfRegister",
        "startUrl" : "",
        "usernameLabel" : "Username"
      },
      "componentName" : "salesforceIdentity:loginForm2",
      "id" : "fa756866-3cbb-4b65-ad6e-4404102f8538",
      "renderPriority" : "NEUTRAL",
      "renditionMap" : { },
      "type" : "component"
    }, {
      "componentAttributes" : {
        "headerText" : "",
        "showHeader" : false,
        "useCommunityDomainSso" : true
      },
      "componentName" : "salesforceIdentity:socialLogin2",
      "id" : "476df8f6-a16b-44cd-8763-6cfe56903d2f",
      "renderPriority" : "NEUTRAL",
      "renditionMap" : { },
      "type" : "component"
    }, {
      "componentAttributes" : {
        "employeeLoginLinkLabel" : "Are you an employee? Login here"
      },
      "componentName" : "salesforceIdentity:employeeLoginLink2",
      "id" : "bad16cae-7813-4224-8965-cc8deb7ab548",
      "renderPriority" : "NEUTRAL",
      "renditionMap" : { },
      "type" : "component"
    } ],
    "id" : "b67f1a17-cf4b-4f40-b2d9-4cd138f670f2",
    "regionName" : "content",
    "type" : "region"
  }, {
    "components" : [ {
      "componentAttributes" : {
        "customHeadTags" : "",
        "description" : "",
        "title" : "Login"
      },
      "componentName" : "forceCommunity:seoAssistant",
      "id" : "dbeaff06-19ca-45a8-b65f-994da06b6090",
      "renditionMap" : { },
      "type" : "component"
    } ],
    "id" : "805119d9-863c-44c0-80c1-f1beaad5af3d",
    "regionName" : "sfdcHiddenRegion",
    "type" : "region"
  } ],
  "themeLayoutType" : "Login",
  "type" : "view",
  "viewType" : "login-home"
}