{
  "appPageId" : "a88d4855-8fc5-4753-aa48-649666141f9d",
  "componentName" : "siteforce:sldsOneColLayout",
  "dataProviders" : [ ],
  "id" : "099e8caf-5b9c-43fc-903a-7adbfaf8cbf0",
  "label" : "Login Error",
  "regions" : [ {
    "id" : "ede5e498-c064-4bdd-925b-e25af6d86e2d",
    "regionName" : "header",
    "type" : "region"
  }, {
    "components" : [ {
      "componentAttributes" : {
        "richTextValue" : "<div class=\"inverseTextColor\" style=\"text-align: center;\">Invalid Page</div>"
      },
      "componentName" : "forceCommunity:richTextInline",
      "id" : "9235c06b-ca0a-4aee-a48d-fb82bfa95c39",
      "renderPriority" : "NEUTRAL",
      "renditionMap" : { },
      "type" : "component"
    } ],
    "id" : "f4b64a18-2edf-43a2-91e5-97783e12f49d",
    "regionName" : "content",
    "type" : "region"
  }, {
    "id" : "da189df2-fc0f-4693-905a-5d83d39891c1",
    "regionName" : "footer",
    "type" : "region"
  }, {
    "components" : [ {
      "componentAttributes" : {
        "customHeadTags" : "",
        "description" : "",
        "title" : "Login Error"
      },
      "componentName" : "forceCommunity:seoAssistant",
      "id" : "566a0b41-59dc-4c83-9fb7-9011047ea2d4",
      "renditionMap" : { },
      "type" : "component"
    } ],
    "id" : "bbd0fdfa-9112-491c-be40-265d153748a4",
    "regionName" : "sfdcHiddenRegion",
    "type" : "region"
  } ],
  "themeLayoutType" : "Login",
  "type" : "view",
  "viewType" : "login-error"
}