{
  "appPageId" : "d1d55426-f8b9-4f35-9109-270bdae61f9c",
  "componentName" : "siteforce:dynamicLayout",
  "dataProviders" : [ ],
  "id" : "75bb9341-5a23-4b1c-a7ec-c0c97a15221d",
  "label" : "New General Enquiry",
  "regions" : [ {
    "components" : [ {
      "componentAttributes" : {
        "background" : "background: rgba(0,0,0,0)",
        "backgroundOverlay" : "rgba(0,0,0,0.5)",
        "contentAreaWidth" : 100,
        "sectionConfig" : {
          "UUID" : "d1c58e94-592f-4e17-a10b-c7aaec175bcf",
          "columns" : [ {
            "UUID" : "82c9b514-2c00-485f-b82b-923125495e53",
            "columnKey" : "1",
            "columnName" : "Column 1",
            "columnWidth" : "12",
            "seedComponents" : [ ]
          } ]
        },
        "sectionHeight" : 300
      },
      "componentName" : "forceCommunity:section",
      "id" : "d1c58e94-592f-4e17-a10b-c7aaec175bcf",
      "regions" : [ {
        "id" : "82c9b514-2c00-485f-b82b-923125495e53",
        "regionLabel" : "Column 1",
        "regionName" : "1",
        "renditionMap" : { },
        "type" : "region"
      } ],
      "renderPriority" : "NEUTRAL",
      "renditionMap" : { },
      "type" : "component"
    } ],
    "id" : "16b9482b-3d34-4ec9-9067-a4fc38cd6b14",
    "regionName" : "content",
    "type" : "region"
  }, {
    "components" : [ {
      "componentAttributes" : {
        "customHeadTags" : "",
        "description" : "",
        "title" : "New General Enquiry"
      },
      "componentName" : "forceCommunity:seoAssistant",
      "id" : "b3c697f0-ad5b-43f4-9634-07dec91d066e",
      "renditionMap" : { },
      "type" : "component"
    } ],
    "id" : "8c4654ad-9ea9-413a-8270-77edf39bc234",
    "regionName" : "sfdcHiddenRegion",
    "type" : "region"
  } ],
  "themeLayoutType" : "Inner",
  "type" : "view",
  "viewType" : "custom-new-general-enquiry"
}