{
  "appPageId" : "d1d55426-f8b9-4f35-9109-270bdae61f9c",
  "componentName" : "siteforce:dynamicLayout",
  "dataProviders" : [ ],
  "id" : "e7495b06-e69e-43ea-8f3c-712ccf7af7f2",
  "label" : "New Search Reunion Enquiry",
  "regions" : [ {
    "components" : [ {
      "componentAttributes" : {
        "background" : "background: rgba(0,0,0,0)",
        "backgroundOverlay" : "rgba(0,0,0,0.5)",
        "contentAreaWidth" : 100,
        "sectionConfig" : {
          "UUID" : "c444f3a3-def8-48f1-b82e-193ff97923a5",
          "columns" : [ {
            "UUID" : "7ac11409-7a27-49ac-bfdd-528b5da50594",
            "columnKey" : "1",
            "columnName" : "Column 1",
            "columnWidth" : "12",
            "seedComponents" : [ ]
          } ]
        },
        "sectionHeight" : 300
      },
      "componentName" : "forceCommunity:section",
      "id" : "c444f3a3-def8-48f1-b82e-193ff97923a5",
      "regions" : [ {
        "id" : "7ac11409-7a27-49ac-bfdd-528b5da50594",
        "regionLabel" : "Column 1",
        "regionName" : "1",
        "renditionMap" : { },
        "type" : "region"
      } ],
      "renderPriority" : "NEUTRAL",
      "renditionMap" : { },
      "type" : "component"
    } ],
    "id" : "005485cd-423b-497b-8e35-18ada38bef23",
    "regionName" : "content",
    "type" : "region"
  }, {
    "components" : [ {
      "componentAttributes" : {
        "customHeadTags" : "",
        "description" : "",
        "title" : "New Search Reunion Enquiry"
      },
      "componentName" : "forceCommunity:seoAssistant",
      "id" : "08f6c30b-ea09-4665-a748-9fd343c9207b",
      "renditionMap" : { },
      "type" : "component"
    } ],
    "id" : "5d43938a-c692-483a-a966-26d966da6239",
    "regionName" : "sfdcHiddenRegion",
    "type" : "region"
  } ],
  "themeLayoutType" : "Inner",
  "type" : "view",
  "viewType" : "custom-new-search-reunion-enquiry"
}