{
  "appPageId" : "d1d55426-f8b9-4f35-9109-270bdae61f9c",
  "componentName" : "siteforce:sldsOneColLayout",
  "dataProviders" : [ ],
  "id" : "c0dc8492-89f4-4682-a614-213a2e78186f",
  "label" : "Record List",
  "regions" : [ {
    "id" : "5afee830-b5e4-4bcf-b1ba-51c1b5d6c800",
    "regionName" : "header",
    "type" : "region"
  }, {
    "components" : [ {
      "componentAttributes" : {
        "enableInlineEdit" : true,
        "filterName" : "{!filterId}",
        "layout" : "FULL",
        "pageSize" : 25,
        "scope" : "{!objectName}",
        "showActionBar" : true,
        "showChartsPanel" : true,
        "showDisplay" : "showall",
        "showFilterPanel" : true,
        "showImageIcon" : true,
        "showManualRefreshButton" : true,
        "showObjectName" : true,
        "showPinnedList" : true,
        "showSearchBar" : true
      },
      "componentName" : "forceCommunity:objectHome",
      "id" : "8d88fa6c-0f1f-4e39-bc00-2fe9c97e564c",
      "renderPriority" : "NEUTRAL",
      "renditionMap" : { },
      "type" : "component"
    } ],
    "id" : "71cee1f4-27a1-4116-be81-86084347924a",
    "regionName" : "content",
    "type" : "region"
  }, {
    "id" : "5c6ae759-25f4-4fde-909a-71a80597c4fd",
    "regionName" : "footer",
    "type" : "region"
  } ],
  "themeLayoutType" : "Inner",
  "type" : "view",
  "viewType" : "list"
}