{
  "appPageId" : "d1d55426-f8b9-4f35-9109-270bdae61f9c",
  "componentName" : "siteforce:sldsOneColLayout",
  "dataProviders" : [ ],
  "id" : "aee8d1bb-eb0f-4227-bb12-e4bb56545e97",
  "label" : "Record Detail",
  "regions" : [ {
    "id" : "abd45f8a-86af-4849-901b-01de94c86796",
    "regionName" : "header",
    "type" : "region"
  }, {
    "components" : [ {
      "componentAttributes" : {
        "recordId" : "{!recordId}"
      },
      "componentName" : "forceCommunity:recordHeadline",
      "id" : "7a031202-adc1-4571-aa88-6d841decfedf",
      "renderPriority" : "NEUTRAL",
      "renditionMap" : { },
      "type" : "component"
    }, {
      "componentAttributes" : {
        "detailsTabLabel" : "Details",
        "discussionsTabLabel" : "Feed",
        "recordId" : "{!recordId}",
        "relatedTabLabel" : "Related",
        "showLegacyActivityComposer" : false,
        "tab1Type" : "details",
        "tab2Type" : "related",
        "tab3Type" : "chatter",
        "tab4Type" : "none",
        "timelineTabLabel" : "Activity"
      },
      "componentName" : "forceCommunity:recordHomeTabs",
      "id" : "5efa7249-47e6-4264-b827-0af594ed8c10",
      "renderPriority" : "NEUTRAL",
      "renditionMap" : { },
      "type" : "component"
    } ],
    "id" : "0f574d5a-1781-4a3e-bc87-798788457ce9",
    "regionName" : "content",
    "type" : "region"
  }, {
    "id" : "bbcb18ec-d145-42a4-8f71-9ddb95a8578f",
    "regionName" : "footer",
    "type" : "region"
  }, {
    "components" : [ {
      "componentAttributes" : {
        "customHeadTags" : "",
        "description" : "",
        "title" : "{!Record._Object}: {!Record._Title}"
      },
      "componentName" : "forceCommunity:seoAssistant",
      "id" : "661f4e9b-c7a1-4dad-aae2-04e8c8ed246a",
      "renditionMap" : { },
      "type" : "component"
    } ],
    "id" : "bce90abe-a96b-4891-89a7-538d04ab4755",
    "regionName" : "sfdcHiddenRegion",
    "type" : "region"
  } ],
  "themeLayoutType" : "Inner",
  "type" : "view",
  "viewType" : "detail"
}