{
  "appPageId" : "a88d4855-8fc5-4753-aa48-649666141f9d",
  "componentName" : "siteforce:sldsOneColLayout",
  "dataProviders" : [ ],
  "id" : "7794c4d1-de3b-4f6f-9120-ba92efd8070e",
  "label" : "Register",
  "regions" : [ {
    "components" : [ {
      "componentAttributes" : { },
      "componentName" : "salesforceIdentity:communityLogo2",
      "id" : "20d54848-d64c-458b-8d43-c95d047412b0",
      "renderPriority" : "NEUTRAL",
      "renditionMap" : { },
      "type" : "component"
    }, {
      "componentAttributes" : {
        "richTextValue" : "<div style=\"text-align: center;\" class=\"inverseTextColor\">Join the community to receive personalized information and customer support.</div>"
      },
      "componentName" : "forceCommunity:richTextInline",
      "id" : "99eb4934-f42f-4855-a0a0-bb987dc3c6c5",
      "renderPriority" : "NEUTRAL",
      "renditionMap" : { },
      "type" : "component"
    }, {
      "componentAttributes" : {
        "confirmPasswordLabel" : "Confirm Password",
        "emailLabel" : "Email",
        "extraFieldsFieldSet" : "",
        "firstnameLabel" : "First Name",
        "includePasswordField" : false,
        "lastnameLabel" : "Last Name",
        "passwordLabel" : "Create Password",
        "regConfirmUrl" : "./CheckPasswordResetEmail",
        "startUrl" : "",
        "submitButtonLabel" : "Sign Up"
      },
      "componentName" : "salesforceIdentity:selfRegister2",
      "id" : "9b0a8398-fd4f-4917-8c19-ffd59472903d",
      "renderPriority" : "NEUTRAL",
      "renditionMap" : { },
      "type" : "component"
    }, {
      "componentAttributes" : {
        "headerText" : "",
        "showHeader" : false,
        "useCommunityDomainSso" : true
      },
      "componentName" : "salesforceIdentity:socialLogin2",
      "id" : "0299c009-b4e7-4df3-97b2-7add3a6bb0a1",
      "renderPriority" : "NEUTRAL",
      "renditionMap" : { },
      "type" : "component"
    }, {
      "componentAttributes" : {
        "richTextValue" : "<div style=\"text-align: center;\"><a class=\"inverseTextColor\" href=\"./\">Already have an account?</a></div>"
      },
      "componentName" : "forceCommunity:richTextInline",
      "id" : "6a945166-aa62-444e-84b5-fb57b857293f",
      "renderPriority" : "NEUTRAL",
      "renditionMap" : { },
      "type" : "component"
    } ],
    "id" : "49c7f76c-a025-4086-b223-221f8ac3f073",
    "regionName" : "content",
    "type" : "region"
  }, {
    "components" : [ {
      "componentAttributes" : {
        "customHeadTags" : "",
        "description" : "",
        "title" : "Register"
      },
      "componentName" : "forceCommunity:seoAssistant",
      "id" : "338e08a5-97be-477e-9fdd-b12f3b0dc7a8",
      "renditionMap" : { },
      "type" : "component"
    } ],
    "id" : "937efbff-2b77-4a4f-a384-e5e1d6d4d123",
    "regionName" : "sfdcHiddenRegion",
    "type" : "region"
  } ],
  "themeLayoutType" : "Login",
  "type" : "view",
  "viewType" : "self-register"
}