{
  "appPageId" : "d1d55426-f8b9-4f35-9109-270bdae61f9c",
  "componentName" : "siteforce:sldsOneColLayout",
  "dataProviders" : [ ],
  "id" : "cd971844-093d-45c0-8404-0e0d08d43174",
  "label" : "Related Record List",
  "regions" : [ {
    "id" : "1aaa8fb5-b2eb-4aef-a5e2-84a89291cfb9",
    "regionName" : "header",
    "type" : "region"
  }, {
    "components" : [ {
      "componentAttributes" : {
        "customTitle" : "",
        "parentRecordId" : "{!recordId}",
        "relatedListName" : "{!relationshipApiName}",
        "showBreadCrumbs" : true,
        "showCustomTitle" : false,
        "showManualRefreshButton" : true,
        "showRowNumbers" : true
      },
      "componentName" : "forceCommunity:relatedList",
      "id" : "21c61da9-3864-4b87-8529-8bfad3053ae8",
      "renderPriority" : "NEUTRAL",
      "renditionMap" : { },
      "type" : "component"
    } ],
    "id" : "65f23906-66be-42c5-9ab1-c491eba10033",
    "regionName" : "content",
    "type" : "region"
  }, {
    "id" : "e896013e-fffe-46fd-8067-76e7c4891ec2",
    "regionName" : "footer",
    "type" : "region"
  } ],
  "themeLayoutType" : "Inner",
  "type" : "view",
  "viewType" : "relatedlist"
}