{
  "appPageId" : "d1d55426-f8b9-4f35-9109-270bdae61f9c",
  "componentName" : "siteforce:sldsOneColLayout",
  "dataProviders" : [ ],
  "id" : "d626a491-f5a1-4565-a78c-13465dace2a2",
  "label" : "Service Not Available",
  "regions" : [ {
    "components" : [ {
      "componentAttributes" : {
        "richTextValue" : "<div style='display: flex; align-items: center; flex-direction: column; margin: 60px 25px 40px 25px;'><div style='background: url(/sfsites/assets/Images/serviceNotAvailable/serviceNotAvailable.svg) center no-repeat; background-size: contain; height: 331px; width: 100%; max-width: 538px;'></div></div><div style='margin: 0 25px; text-align: center;'><h1><b style='font-size: 2em'>Looks like the site is temporarily unavailable</b></h1><br/><p><span style='font-size: 1.5em;'>Please try again in a bit.</span></p></div>"
      },
      "componentName" : "forceCommunity:htmlBlock",
      "id" : "7345d559-cb22-4411-864f-fe84b9a99818",
      "renderPriority" : "NEUTRAL",
      "renditionMap" : { },
      "type" : "component"
    } ],
    "id" : "49e656a0-9eac-4c77-a9db-6d3389cd390a",
    "regionName" : "content",
    "type" : "region"
  } ],
  "themeLayoutType" : "ServiceNotAvailable",
  "type" : "view",
  "viewType" : "service-not-available"
}