{
  "appPageId" : "d1d55426-f8b9-4f35-9109-270bdae61f9c",
  "componentName" : "siteforce:dynamicLayout",
  "dataProviders" : [ ],
  "id" : "8e971e4c-0ce4-44f0-a454-16bab6b78b03",
  "label" : "Submit GIA Application",
  "regions" : [ {
    "components" : [ {
      "componentAttributes" : {
        "background" : "background: rgba(0,0,0,0)",
        "backgroundOverlay" : "rgba(0,0,0,0.5)",
        "contentAreaWidth" : 100,
        "sectionConfig" : {
          "UUID" : "8ef07236-1d51-4759-a173-470a161b6f9c",
          "columns" : [ {
            "UUID" : "7f9b1586-49f7-4416-af48-833d73a9be4f",
            "columnKey" : "1",
            "columnName" : "Column 1",
            "columnWidth" : "12",
            "seedComponents" : [ ]
          } ]
        },
        "sectionHeight" : 300
      },
      "componentName" : "forceCommunity:section",
      "id" : "8ef07236-1d51-4759-a173-470a161b6f9c",
      "regions" : [ {
        "id" : "7f9b1586-49f7-4416-af48-833d73a9be4f",
        "regionLabel" : "Column 1",
        "regionName" : "1",
        "renditionMap" : { },
        "type" : "region"
      } ],
      "renderPriority" : "NEUTRAL",
      "renditionMap" : { },
      "type" : "component"
    } ],
    "id" : "2be64431-77cf-4604-8b73-a5a3fe1d28ae",
    "regionName" : "content",
    "type" : "region"
  }, {
    "components" : [ {
      "componentAttributes" : {
        "customHeadTags" : "",
        "description" : "",
        "title" : "Submit GIA Application"
      },
      "componentName" : "forceCommunity:seoAssistant",
      "id" : "6aee765a-c370-4d10-964d-9595a5bf1a9d",
      "renditionMap" : { },
      "type" : "component"
    } ],
    "id" : "3dc2e5b0-9256-4798-a36f-2ee211928321",
    "regionName" : "sfdcHiddenRegion",
    "type" : "region"
  } ],
  "themeLayoutType" : "Inner",
  "type" : "view",
  "viewType" : "custom-submit-gia-application"
}