{
  "appPageId" : "d1d55426-f8b9-4f35-9109-270bdae61f9c",
  "componentName" : "siteforce:dynamicLayout",
  "dataProviders" : [ ],
  "id" : "b602f741-2ef9-4eb5-8787-2c3c16502d34",
  "label" : "Submit ASA Application",
  "regions" : [ {
    "components" : [ {
      "componentAttributes" : {
        "background" : "background: rgba(0,0,0,0)",
        "backgroundOverlay" : "rgba(0,0,0,0.5)",
        "contentAreaWidth" : 100,
        "sectionConfig" : {
          "UUID" : "831f6336-1c5a-43d0-b938-38341539ad12",
          "columns" : [ {
            "UUID" : "f286600b-85fa-4f71-809a-812ca90b01b1",
            "columnKey" : "1",
            "columnName" : "Column 1",
            "columnWidth" : "12",
            "seedComponents" : [ ]
          } ]
        },
        "sectionHeight" : 300
      },
      "componentName" : "forceCommunity:section",
      "id" : "831f6336-1c5a-43d0-b938-38341539ad12",
      "regions" : [ {
        "components" : [ {
          "componentAttributes" : {
            "direction" : "ltr",
            "display" : "Display OmniScript on page",
            "inlineVariant" : "brand",
            "language" : "English",
            "omniAnalytics" : true,
            "subType" : "MainApplication",
            "theme" : "lightning",
            "type" : "AdoptionApplication"
          },
          "componentName" : "runtime_omnistudio:omniscript",
          "id" : "929ecc07-23dc-48ff-9566-1e76ba5eb5e8",
          "renderPriority" : "NEUTRAL",
          "renditionMap" : { },
          "type" : "component"
        } ],
        "id" : "f286600b-85fa-4f71-809a-812ca90b01b1",
        "regionLabel" : "Column 1",
        "regionName" : "1",
        "renditionMap" : { },
        "type" : "region"
      } ],
      "renderPriority" : "NEUTRAL",
      "renditionMap" : { },
      "type" : "component"
    } ],
    "id" : "e5b8b09b-1223-4fa6-8899-9cdc6d3f1471",
    "regionName" : "content",
    "type" : "region"
  }, {
    "components" : [ {
      "componentAttributes" : {
        "customHeadTags" : "",
        "description" : "",
        "title" : "Submit ASA Application"
      },
      "componentName" : "forceCommunity:seoAssistant",
      "id" : "9e6d7f05-244b-4e14-a736-cb7e08c84fa9",
      "renditionMap" : { },
      "type" : "component"
    } ],
    "id" : "5411423f-93f2-45a3-9fca-8f8b437ea9f6",
    "regionName" : "sfdcHiddenRegion",
    "type" : "region"
  } ],
  "themeLayoutType" : "Inner",
  "type" : "view",
  "viewType" : "custom-submit-asa-application"
}