<?xml version="1.0" encoding="UTF-8"?>
<Dashboard xmlns="http://soap.sforce.com/2006/04/metadata">
    <backgroundEndColor>#FFFFFF</backgroundEndColor>
    <backgroundFadeDirection>Diagonal</backgroundFadeDirection>
    <backgroundStartColor>#FFFFFF</backgroundStartColor>
    <chartTheme>light</chartTheme>
    <colorPalette>unity</colorPalette>
    <dashboardChartTheme>light</dashboardChartTheme>
    <dashboardColorPalette>unity</dashboardColorPalette>
    <dashboardGridLayout>
        <dashboardGridComponents>
            <colSpan>6</colSpan>
            <columnIndex>0</columnIndex>
            <dashboardComponent>
                <autoselectColumnsFromReport>false</autoselectColumnsFromReport>
                <chartAxisRange>Auto</chartAxisRange>
                <chartSummary>
                    <axisBinding>y</axisBinding>
                    <column>RowCount</column>
                </chartSummary>
                <componentType>Column</componentType>
                <decimalPrecision>-1</decimalPrecision>
                <displayUnits>Auto</displayUnits>
                <drillEnabled>false</drillEnabled>
                <drillToDetailEnabled>false</drillToDetailEnabled>
                <enableHover>false</enableHover>
                <expandOthers>false</expandOthers>
                <groupingColumn>RP_CaseAssignment__c.RP_Officer__c</groupingColumn>
                <groupingSortProperties>
                    <groupingSorts>
                        <groupingLevel>g1</groupingLevel>
                        <sortOrder>a</sortOrder>
                    </groupingSorts>
                </groupingSortProperties>
                <header>Active Cases per Case Officer</header>
                <legendPosition>Bottom</legendPosition>
                <report>RP_CPInvestigationSupervisor/RP_CP_INV_Active_Case_per_Case_Officer</report>
                <showPercentage>false</showPercentage>
                <showValues>true</showValues>
                <sortBy>RowLabelAscending</sortBy>
                <useReportChart>false</useReportChart>
            </dashboardComponent>
            <rowIndex>0</rowIndex>
            <rowSpan>8</rowSpan>
        </dashboardGridComponents>
        <dashboardGridComponents>
            <colSpan>6</colSpan>
            <columnIndex>6</columnIndex>
            <dashboardComponent>
                <autoselectColumnsFromReport>false</autoselectColumnsFromReport>
                <chartAxisRange>Auto</chartAxisRange>
                <chartSummary>
                    <axisBinding>y</axisBinding>
                    <column>RowCount</column>
                </chartSummary>
                <componentType>Column</componentType>
                <decimalPrecision>-1</decimalPrecision>
                <displayUnits>Auto</displayUnits>
                <drillEnabled>false</drillEnabled>
                <drillToDetailEnabled>false</drillToDetailEnabled>
                <enableHover>false</enableHover>
                <expandOthers>false</expandOthers>
                <groupingColumn>RP_CaseAssignment__c.RP_Officer__c</groupingColumn>
                <groupingSortProperties>
                    <groupingSorts>
                        <groupingLevel>g1</groupingLevel>
                        <sortOrder>a</sortOrder>
                    </groupingSorts>
                </groupingSortProperties>
                <header>Active Cases per Case Supervisor</header>
                <legendPosition>Bottom</legendPosition>
                <report>RP_CPInvestigationSupervisor/RP_CP_INV_Active_Cases_per_Case_Supervisor</report>
                <showPercentage>false</showPercentage>
                <showValues>true</showValues>
                <sortBy>RowLabelAscending</sortBy>
                <useReportChart>false</useReportChart>
            </dashboardComponent>
            <rowIndex>0</rowIndex>
            <rowSpan>8</rowSpan>
        </dashboardGridComponents>
        <dashboardGridComponents>
            <colSpan>6</colSpan>
            <columnIndex>0</columnIndex>
            <dashboardComponent>
                <autoselectColumnsFromReport>false</autoselectColumnsFromReport>
                <chartAxisRange>Auto</chartAxisRange>
                <chartSummary>
                    <axisBinding>y</axisBinding>
                    <column>RowCount</column>
                </chartSummary>
                <componentType>Column</componentType>
                <decimalPrecision>-1</decimalPrecision>
                <displayUnits>Auto</displayUnits>
                <drillEnabled>false</drillEnabled>
                <drillToDetailEnabled>false</drillToDetailEnabled>
                <enableHover>false</enableHover>
                <expandOthers>false</expandOthers>
                <groupingColumn>CREATED_DATE</groupingColumn>
                <groupingSortProperties>
                    <groupingSorts>
                        <groupingLevel>g1</groupingLevel>
                        <sortOrder>a</sortOrder>
                    </groupingSorts>
                </groupingSortProperties>
                <header>New Cases per Month</header>
                <legendPosition>Bottom</legendPosition>
                <report>RP_CPInvestigationSupervisor/RP_CP_INV_New_Cases_per_Month</report>
                <showPercentage>false</showPercentage>
                <showValues>true</showValues>
                <sortBy>RowLabelAscending</sortBy>
                <useReportChart>false</useReportChart>
            </dashboardComponent>
            <rowIndex>8</rowIndex>
            <rowSpan>8</rowSpan>
        </dashboardGridComponents>
        <dashboardGridComponents>
            <colSpan>6</colSpan>
            <columnIndex>6</columnIndex>
            <dashboardComponent>
                <autoselectColumnsFromReport>false</autoselectColumnsFromReport>
                <chartAxisRange>Auto</chartAxisRange>
                <chartSummary>
                    <axisBinding>y</axisBinding>
                    <column>RowCount</column>
                </chartSummary>
                <componentType>Column</componentType>
                <decimalPrecision>-1</decimalPrecision>
                <displayUnits>Auto</displayUnits>
                <drillEnabled>false</drillEnabled>
                <drillToDetailEnabled>false</drillToDetailEnabled>
                <enableHover>false</enableHover>
                <expandOthers>false</expandOthers>
                <groupingColumn>CLOSED_DATEONLY</groupingColumn>
                <groupingSortProperties>
                    <groupingSorts>
                        <groupingLevel>g1</groupingLevel>
                        <sortOrder>a</sortOrder>
                    </groupingSorts>
                </groupingSortProperties>
                <header>Case closures per month</header>
                <legendPosition>Bottom</legendPosition>
                <report>RP_CPInvestigationSupervisor/RP_CP_INV_Case_closure_per_month</report>
                <showPercentage>false</showPercentage>
                <showValues>true</showValues>
                <sortBy>RowLabelAscending</sortBy>
                <useReportChart>false</useReportChart>
            </dashboardComponent>
            <rowIndex>8</rowIndex>
            <rowSpan>8</rowSpan>
        </dashboardGridComponents>
        <dashboardGridComponents>
            <colSpan>12</colSpan>
            <columnIndex>0</columnIndex>
            <dashboardComponent>
                <autoselectColumnsFromReport>false</autoselectColumnsFromReport>
                <chartAxisRange>Auto</chartAxisRange>
                <chartSummary>
                    <axisBinding>y</axisBinding>
                    <column>RowCount</column>
                </chartSummary>
                <componentType>ColumnGrouped</componentType>
                <decimalPrecision>-1</decimalPrecision>
                <displayUnits>Auto</displayUnits>
                <drillEnabled>false</drillEnabled>
                <drillToDetailEnabled>false</drillToDetailEnabled>
                <enableHover>false</enableHover>
                <expandOthers>false</expandOthers>
                <groupingColumn>CLOSED_DATEONLY</groupingColumn>
                <groupingColumn>RP_CaseAssignment__c.RP_Officer__c</groupingColumn>
                <groupingSortProperties>
                    <groupingSorts>
                        <groupingLevel>g1</groupingLevel>
                        <sortOrder>a</sortOrder>
                    </groupingSorts>
                    <groupingSorts>
                        <groupingLevel>g2</groupingLevel>
                        <sortOrder>a</sortOrder>
                    </groupingSorts>
                </groupingSortProperties>
                <header>Case closures per officer per month</header>
                <legendPosition>Right</legendPosition>
                <report>RP_CPInvestigationSupervisor/RP_CP_INV_Case_closures_officer_per_month</report>
                <showPercentage>false</showPercentage>
                <showValues>true</showValues>
                <sortBy>RowLabelAscending</sortBy>
                <useReportChart>false</useReportChart>
            </dashboardComponent>
            <rowIndex>16</rowIndex>
            <rowSpan>8</rowSpan>
        </dashboardGridComponents>
        <dashboardGridComponents>
            <colSpan>3</colSpan>
            <columnIndex>0</columnIndex>
            <dashboardComponent>
                <autoselectColumnsFromReport>false</autoselectColumnsFromReport>
                <chartAxisRange>Auto</chartAxisRange>
                <chartSummary>
                    <axisBinding>y</axisBinding>
                    <column>RowCount</column>
                </chartSummary>
                <componentType>Donut</componentType>
                <decimalPrecision>-1</decimalPrecision>
                <displayUnits>Auto</displayUnits>
                <drillEnabled>false</drillEnabled>
                <drillToDetailEnabled>false</drillToDetailEnabled>
                <enableHover>false</enableHover>
                <expandOthers>false</expandOthers>
                <groupingColumn>Case.Case_Assessment__r$RP_Results_Final__c</groupingColumn>
                <groupingSortProperties>
                    <groupingSorts>
                        <groupingLevel>g1</groupingLevel>
                        <sortOrder>a</sortOrder>
                    </groupingSorts>
                </groupingSortProperties>
                <header>Proportion of live cases by LFH</header>
                <legendPosition>Right</legendPosition>
                <maxValuesDisplayed>6</maxValuesDisplayed>
                <report>RP_CPInvestigationSupervisor/RP_CP_INV_Proportion_of_live_cases_by_LFH</report>
                <showPercentage>false</showPercentage>
                <showTotal>true</showTotal>
                <showValues>true</showValues>
                <sortBy>RowLabelAscending</sortBy>
                <useReportChart>false</useReportChart>
            </dashboardComponent>
            <rowIndex>24</rowIndex>
            <rowSpan>8</rowSpan>
        </dashboardGridComponents>
        <dashboardGridComponents>
            <colSpan>3</colSpan>
            <columnIndex>3</columnIndex>
            <dashboardComponent>
                <autoselectColumnsFromReport>false</autoselectColumnsFromReport>
                <chartAxisRange>Auto</chartAxisRange>
                <chartSummary>
                    <axisBinding>y</axisBinding>
                    <column>RowCount</column>
                </chartSummary>
                <componentType>Donut</componentType>
                <decimalPrecision>-1</decimalPrecision>
                <displayUnits>Auto</displayUnits>
                <drillEnabled>false</drillEnabled>
                <drillToDetailEnabled>false</drillToDetailEnabled>
                <enableHover>false</enableHover>
                <expandOthers>false</expandOthers>
                <groupingColumn>Case.Case_Assessment__r$RP_Results_Final__c</groupingColumn>
                <groupingSortProperties>
                    <groupingSorts>
                        <groupingLevel>g1</groupingLevel>
                        <sortOrder>a</sortOrder>
                    </groupingSorts>
                </groupingSortProperties>
                <header>Proportion of live cases by RA</header>
                <legendPosition>Right</legendPosition>
                <maxValuesDisplayed>6</maxValuesDisplayed>
                <report>RP_CPInvestigationSupervisor/RP_CP_INV_Proportion_of_live_cases_by_RA</report>
                <showPercentage>false</showPercentage>
                <showTotal>true</showTotal>
                <showValues>true</showValues>
                <sortBy>RowLabelAscending</sortBy>
                <useReportChart>false</useReportChart>
            </dashboardComponent>
            <rowIndex>24</rowIndex>
            <rowSpan>8</rowSpan>
        </dashboardGridComponents>
        <dashboardGridComponents>
            <colSpan>3</colSpan>
            <columnIndex>6</columnIndex>
            <dashboardComponent>
                <autoselectColumnsFromReport>false</autoselectColumnsFromReport>
                <chartAxisRange>Auto</chartAxisRange>
                <chartSummary>
                    <axisBinding>y</axisBinding>
                    <column>RowCount</column>
                </chartSummary>
                <componentType>Donut</componentType>
                <decimalPrecision>-1</decimalPrecision>
                <displayUnits>Auto</displayUnits>
                <drillEnabled>false</drillEnabled>
                <drillToDetailEnabled>false</drillToDetailEnabled>
                <enableHover>false</enableHover>
                <expandOthers>false</expandOthers>
                <groupingColumn>Case.Case_Assessment__r$RP_Results_Final__c</groupingColumn>
                <groupingSortProperties>
                    <groupingSorts>
                        <groupingLevel>g1</groupingLevel>
                        <sortOrder>a</sortOrder>
                    </groupingSorts>
                </groupingSortProperties>
                <header>Proportion of live cases by LFH-R</header>
                <legendPosition>Right</legendPosition>
                <maxValuesDisplayed>6</maxValuesDisplayed>
                <report>RP_CPInvestigationSupervisor/RP_CP_INV_Proportion_of_live_cases_by_LFHR</report>
                <showPercentage>false</showPercentage>
                <showTotal>true</showTotal>
                <showValues>true</showValues>
                <sortBy>RowLabelAscending</sortBy>
                <useReportChart>false</useReportChart>
            </dashboardComponent>
            <rowIndex>24</rowIndex>
            <rowSpan>8</rowSpan>
        </dashboardGridComponents>
        <dashboardGridComponents>
            <colSpan>3</colSpan>
            <columnIndex>9</columnIndex>
            <dashboardComponent>
                <autoselectColumnsFromReport>false</autoselectColumnsFromReport>
                <chartAxisRange>Auto</chartAxisRange>
                <chartSummary>
                    <axisBinding>y</axisBinding>
                    <column>RowCount</column>
                </chartSummary>
                <componentType>Donut</componentType>
                <decimalPrecision>-1</decimalPrecision>
                <displayUnits>Auto</displayUnits>
                <drillEnabled>false</drillEnabled>
                <drillToDetailEnabled>false</drillToDetailEnabled>
                <enableHover>false</enableHover>
                <expandOthers>false</expandOthers>
                <groupingColumn>RP_Review__c.RP_Status__c</groupingColumn>
                <groupingSortProperties>
                    <groupingSorts>
                        <groupingLevel>g1</groupingLevel>
                        <sortOrder>a</sortOrder>
                    </groupingSorts>
                </groupingSortProperties>
                <header>Cases Reviewed vs Not Reviewed Month</header>
                <legendPosition>Right</legendPosition>
                <maxValuesDisplayed>6</maxValuesDisplayed>
                <report>RP_CPInvestigationSupervisor/RP_CP_INV_Reviewed_vs_Not_Reviewed_Cases</report>
                <showPercentage>false</showPercentage>
                <showTotal>true</showTotal>
                <showValues>true</showValues>
                <sortBy>RowLabelAscending</sortBy>
                <useReportChart>false</useReportChart>
            </dashboardComponent>
            <rowIndex>24</rowIndex>
            <rowSpan>8</rowSpan>
        </dashboardGridComponents>
        <dashboardGridComponents>
            <colSpan>3</colSpan>
            <columnIndex>0</columnIndex>
            <dashboardComponent>
                <autoselectColumnsFromReport>false</autoselectColumnsFromReport>
                <componentType>FlexTable</componentType>
                <flexComponentProperties>
                    <decimalPrecision>-1</decimalPrecision>
                    <flexTableColumn>
                        <reportColumn>CASE_NUMBER</reportColumn>
                        <showSubTotal>false</showSubTotal>
                        <showTotal>false</showTotal>
                        <type>detail</type>
                    </flexTableColumn>
                    <flexTableColumn>
                        <reportColumn>Case.RP_CaseReferenceNumber__c</reportColumn>
                        <showSubTotal>false</showSubTotal>
                        <showTotal>false</showTotal>
                        <type>detail</type>
                    </flexTableColumn>
                    <flexTableColumn>
                        <reportColumn>STATUS</reportColumn>
                        <showSubTotal>false</showSubTotal>
                        <showTotal>false</showTotal>
                        <type>detail</type>
                    </flexTableColumn>
                    <flexTableColumn>
                        <reportColumn>CUST_NAME</reportColumn>
                        <showSubTotal>false</showSubTotal>
                        <showTotal>false</showTotal>
                        <type>detail</type>
                    </flexTableColumn>
                    <flexTableColumn>
                        <reportColumn>RP_Review__c.RP_Decisions__c</reportColumn>
                        <showSubTotal>false</showSubTotal>
                        <showTotal>false</showTotal>
                        <type>detail</type>
                    </flexTableColumn>
                    <flexTableSortInfo>
                        <sortColumn>CASE_NUMBER</sortColumn>
                        <sortOrder>1</sortOrder>
                    </flexTableSortInfo>
                    <hideChatterPhotos>true</hideChatterPhotos>
                </flexComponentProperties>
                <groupingSortProperties/>
                <header>Cases planned for Closure</header>
                <report>RP_CPInvestigationSupervisor/RP_CP_INV_Cases_Planned_for_Closure</report>
            </dashboardComponent>
            <rowIndex>32</rowIndex>
            <rowSpan>8</rowSpan>
        </dashboardGridComponents>
        <dashboardGridComponents>
            <colSpan>3</colSpan>
            <columnIndex>3</columnIndex>
            <dashboardComponent>
                <autoselectColumnsFromReport>false</autoselectColumnsFromReport>
                <componentType>FlexTable</componentType>
                <flexComponentProperties>
                    <decimalPrecision>-1</decimalPrecision>
                    <flexTableColumn>
                        <reportColumn>CUST_NAME</reportColumn>
                        <showSubTotal>false</showSubTotal>
                        <showTotal>false</showTotal>
                        <type>detail</type>
                    </flexTableColumn>
                    <flexTableColumn>
                        <reportColumn>Case.RP_CaseReferenceNumber__c</reportColumn>
                        <showSubTotal>false</showSubTotal>
                        <showTotal>false</showTotal>
                        <type>detail</type>
                    </flexTableColumn>
                    <flexTableColumn>
                        <reportColumn>RP_CAPF__c.RP_Status__c</reportColumn>
                        <showSubTotal>false</showSubTotal>
                        <showTotal>false</showTotal>
                        <type>detail</type>
                    </flexTableColumn>
                    <flexTableColumn>
                        <reportColumn>RP_CAPF__c.RP_ApprovingSupervisor__c</reportColumn>
                        <showSubTotal>false</showSubTotal>
                        <showTotal>false</showTotal>
                        <type>detail</type>
                    </flexTableColumn>
                    <flexTableSortInfo>
                        <sortColumn>CUST_NAME</sortColumn>
                        <sortOrder>1</sortOrder>
                    </flexTableSortInfo>
                    <hideChatterPhotos>true</hideChatterPhotos>
                </flexComponentProperties>
                <groupingSortProperties/>
                <header>CAPF for Approval</header>
                <report>RP_CPInvestigationSupervisor/RP_CP_INV_CAPF_for_my_approval</report>
            </dashboardComponent>
            <rowIndex>32</rowIndex>
            <rowSpan>8</rowSpan>
        </dashboardGridComponents>
        <dashboardGridComponents>
            <colSpan>3</colSpan>
            <columnIndex>6</columnIndex>
            <dashboardComponent>
                <autoselectColumnsFromReport>false</autoselectColumnsFromReport>
                <componentType>FlexTable</componentType>
                <flexComponentProperties>
                    <decimalPrecision>-1</decimalPrecision>
                    <flexTableColumn>
                        <reportColumn>CUST_NAME</reportColumn>
                        <showSubTotal>false</showSubTotal>
                        <showTotal>false</showTotal>
                        <type>detail</type>
                    </flexTableColumn>
                    <flexTableColumn>
                        <reportColumn>RP_Review__c.RP_Expected_Review_Date__c</reportColumn>
                        <showSubTotal>false</showSubTotal>
                        <showTotal>false</showTotal>
                        <type>detail</type>
                    </flexTableColumn>
                    <flexTableColumn>
                        <reportColumn>RP_Review__c.RP_Decisions__c</reportColumn>
                        <showSubTotal>false</showSubTotal>
                        <showTotal>false</showTotal>
                        <type>detail</type>
                    </flexTableColumn>
                    <flexTableColumn>
                        <reportColumn>RP_Review__c.RP_Status__c</reportColumn>
                        <showSubTotal>false</showSubTotal>
                        <showTotal>false</showTotal>
                        <type>detail</type>
                    </flexTableColumn>
                    <flexTableSortInfo>
                        <sortColumn>CUST_NAME</sortColumn>
                        <sortOrder>1</sortOrder>
                    </flexTableSortInfo>
                    <hideChatterPhotos>true</hideChatterPhotos>
                </flexComponentProperties>
                <groupingSortProperties/>
                <header>CP Investigation Upcoming Reviews</header>
                <report>RP_CPInvestigation/RP_CP_INV_Upcoming_Review_for_Sup</report>
            </dashboardComponent>
            <rowIndex>32</rowIndex>
            <rowSpan>8</rowSpan>
        </dashboardGridComponents>
        <dashboardGridComponents>
            <colSpan>3</colSpan>
            <columnIndex>9</columnIndex>
            <dashboardComponent>
                <autoselectColumnsFromReport>false</autoselectColumnsFromReport>
                <componentType>FlexTable</componentType>
                <flexComponentProperties>
                    <decimalPrecision>-1</decimalPrecision>
                    <flexTableColumn>
                        <reportColumn>RP_ClientDecision__c.Name</reportColumn>
                        <showSubTotal>false</showSubTotal>
                        <showTotal>false</showTotal>
                        <type>detail</type>
                    </flexTableColumn>
                    <flexTableColumn>
                        <reportColumn>Case.Status</reportColumn>
                        <showSubTotal>false</showSubTotal>
                        <showTotal>false</showTotal>
                        <type>detail</type>
                    </flexTableColumn>
                    <flexTableColumn>
                        <reportColumn>RP_ClientDecision__c.RP_Decision__c</reportColumn>
                        <showSubTotal>false</showSubTotal>
                        <showTotal>false</showTotal>
                        <type>detail</type>
                    </flexTableColumn>
                    <flexTableColumn>
                        <reportColumn>RP_ClientDecision__c.RP_ApprovingSupervisor__c.Name</reportColumn>
                        <showSubTotal>false</showSubTotal>
                        <showTotal>false</showTotal>
                        <type>detail</type>
                    </flexTableColumn>
                    <flexTableSortInfo>
                        <sortColumn>RP_ClientDecision__c.Name</sortColumn>
                        <sortOrder>1</sortOrder>
                    </flexTableSortInfo>
                    <hideChatterPhotos>true</hideChatterPhotos>
                </flexComponentProperties>
                <groupingSortProperties/>
                <header>Client Decision for Approval</header>
                <report>RP_CPInvestigationSupervisor/RP_CP_INV_Client_Decisions_for_Sup</report>
            </dashboardComponent>
            <rowIndex>32</rowIndex>
            <rowSpan>8</rowSpan>
        </dashboardGridComponents>
        <numberOfColumns>12</numberOfColumns>
        <rowHeight>36</rowHeight>
    </dashboardGridLayout>
    <dashboardType>MyTeamUser</dashboardType>
    <description>Reports in this dashboard will include all child protection investigation cases.</description>
    <isGridLayout>true</isGridLayout>
        <textColor>#000000</textColor>
    <title>CP Investigation Supervisor</title>
    <titleColor>#000000</titleColor>
    <titleSize>12</titleSize>
</Dashboard>
