<?xml version="1.0" encoding="UTF-8"?>
<DuplicateRule xmlns="http://soap.sforce.com/2006/04/metadata" xmlns:xsi="http://www.w3.org/2001/XMLSchema-instance">
    <actionOnInsert>Block</actionOnInsert>
    <actionOnUpdate>Allow</actionOnUpdate>
    <alertText>Use one of these records?</alertText>
    <description>SSNETVIJNM-1697 KL: Duplicate rule for flagging duplicate PersonAccounts by ID Type. Ignores ID type None and Other</description>
    <duplicateRuleFilter>
        <booleanFilter xsi:nil="true"/>
        <duplicateRuleFilterItems>
            <field>RP_IDType__pc</field>
            <operation>notEqual</operation>
            <value>NA, OT</value>
            <sortOrder>1</sortOrder>
            <table>PersonAccount</table>
        </duplicateRuleFilterItems>
    </duplicateRuleFilter>
    <duplicateRuleMatchRules>
        <matchRuleSObjectType>PersonAccount</matchRuleSObjectType>
        <matchingRule>RP_PersonAccount_Matching_Rule_for_ID</matchingRule>
        <objectMapping xsi:nil="true"/>
    </duplicateRuleMatchRules>
    <isActive>true</isActive>
    <masterLabel>RP PersonAccount Duplicate Rule for ID</masterLabel>
    <operationsOnUpdate>Alert</operationsOnUpdate>
    <securityOption>EnforceSharingRules</securityOption>
    <sortOrder>2</sortOrder>
</DuplicateRule>
