{
  "activeBrandingSetId" : "c9e94a6a-6dd4-4639-bb05-6005e4171758",
  "customCSS" : "",
  "developerName" : "starter",
  "id" : "e25bdaba-4e63-40d7-a3bc-366d400f7dd8",
  "label" : "Build Your Own",
  "layouts" : {
    "Inner" : "f7a5da07-a028-4e89-8df0-b2b0c4a5ba47",
    "Login" : "b5879c5e-a142-48a3-88a7-7f5bdf03e617",
    "ServiceNotAvailable" : "902f41d7-4737-4f40-85b2-7053006b3564"
  },
  "type" : "theme",
  "views" : [ {
    "componentAttributes" : { },
    "componentName" : "salesforceIdentity:loginBody2",
    "id" : "b5879c5e-a142-48a3-88a7-7f5bdf03e617",
    "label" : "Login",
    "regions" : [ {
      "id" : "e49447a6-ab1e-4932-987e-68d59c5c0c82",
      "regionName" : "header",
      "type" : "region"
    }, {
      "id" : "2001232d-6d39-4011-a922-418db01c2861",
      "regionName" : "content",
      "type" : "region"
    }, {
      "id" : "d0e2c551-bff4-432d-8380-83213eef3076",
      "regionName" : "footer",
      "type" : "region"
    } ],
    "type" : "view"
  }, {
    "componentAttributes" : {
      "fixedPageWidth" : 1440,
      "isPageWidthFixed" : true
    },
    "componentName" : "siteforce:starterBody",
    "id" : "f7a5da07-a028-4e89-8df0-b2b0c4a5ba47",
    "label" : "Default",
    "regions" : [ {
      "components" : [ {
        "componentAttributes" : {
          "maxAutoCompleteResults" : 5,
          "searchLabel" : "Search...",
          "searchObjects" : [ {
            "isPublic" : true,
            "name" : "Account"
          } ]
        },
        "componentName" : "forceCommunity:globalSearchInput",
        "id" : "8e69205e-74e9-4af4-b479-c7f5e507fb5c",
        "renditionMap" : { },
        "type" : "component"
      } ],
      "id" : "197ecf2b-4a1b-400e-9c25-83c249799402",
      "regionName" : "search",
      "type" : "region"
    }, {
      "components" : [ {
        "componentAttributes" : {
          "accountManagementLabel" : "Account Management",
          "communityBuilderLabel" : "Experience Builder",
          "communitySetupLabel" : "Salesforce Setup",
          "contactSupportLabel" : "Contact Support",
          "filterName" : "MyCases",
          "homeLabel" : "Home",
          "includeContactSupport" : true,
          "includeMessages" : false,
          "loginLabel" : "Login",
          "logoutLabel" : "Logout",
          "myAccountLabel" : "My Account",
          "showAccountManagement" : true,
          "showUserSettings" : true,
          "userSettingsLabel" : "My Settings",
          "viewProfileLabel" : "My Profile"
        },
        "componentName" : "selfService:userProfileMenu",
        "id" : "76e347d8-565a-4fa4-857f-9a6d68ac65c3",
        "renditionMap" : { },
        "type" : "component"
      } ],
      "id" : "76572422-d403-4b4c-9d53-f1aa441cbf4b",
      "regionName" : "profileMenu",
      "type" : "region"
    }, {
      "components" : [ {
        "componentAttributes" : {
          "NavigationMenuEditorRefresh" : "",
          "hideAppLauncher" : true,
          "hideHomeText" : true
        },
        "componentName" : "forceCommunity:globalNavigation",
        "id" : "cd987792-9858-4ae3-88ac-32726673b613",
        "renditionMap" : { },
        "type" : "component"
      } ],
      "id" : "96b34df6-8fdd-444c-b31b-103a862b1ff9",
      "regionName" : "navBar",
      "type" : "region"
    } ],
    "type" : "view"
  }, {
    "componentAttributes" : {
      "fixedPageWidth" : 1170,
      "headerBgColor" : "rgba(0, 0, 0, 0)",
      "isHeaderPinned" : false,
      "isHeroUnderHeader" : false,
      "isPageWidthFixed" : true,
      "showHeader" : true,
      "showHero" : true
    },
    "componentName" : "siteforce:themeLayoutStarter",
    "id" : "902f41d7-4737-4f40-85b2-7053006b3564",
    "label" : "ServiceNotAvailable",
    "regions" : [ {
      "id" : "a3ecbeb7-de05-4ace-a704-eff5a5b24729",
      "regionName" : "themeHeader",
      "type" : "region"
    }, {
      "id" : "8758c169-fe7b-411e-aa49-737f186c59c2",
      "regionName" : "themeFooter",
      "type" : "region"
    } ],
    "type" : "view"
  } ]
}