{
  "activeBrandingSetId" : "35187f3b-828b-4014-b287-7b039ba17ff3",
  "customCSS" : "",
  "developerName" : "ember",
  "id" : "ed8e9562-cef4-45d4-9d71-502212d96175",
  "label" : "Ember",
  "layouts" : {
    "Inner" : "bb2f847d-4ba1-48d4-95ea-cc0d390d436f",
    "Login" : "3dcb4ca1-56c2-45f9-ab3a-fe5ea999ef50",
    "ServiceNotAvailable" : "e531ead4-f7df-4b5b-8ca2-b725b6b22a09"
  },
  "type" : "theme",
  "views" : [ {
    "componentAttributes" : { },
    "componentName" : "salesforceIdentity:loginBody2",
    "id" : "3dcb4ca1-56c2-45f9-ab3a-fe5ea999ef50",
    "label" : "Login",
    "regions" : [ {
      "id" : "3268c6f0-7cb5-487a-9532-b098f2e0f894",
      "regionName" : "header",
      "type" : "region"
    }, {
      "id" : "84171c01-82d7-4ebe-87db-005f6f762b09",
      "regionName" : "content",
      "type" : "region"
    }, {
      "id" : "6ffa3a55-a8b2-477b-8f74-25e32c4c881b",
      "regionName" : "footer",
      "type" : "region"
    } ],
    "type" : "view"
  }, {
    "componentAttributes" : {
      "fixedPageWidth" : 1440,
      "headerBgColor" : "rgba(255, 255, 255, 0.8)",
      "isHeaderPinned" : false,
      "isHeroUnderHeader" : false,
      "isPageWidthFixed" : true,
      "showHeader" : true,
      "showHero" : false
    },
    "componentName" : "siteforce:themeLayoutStarter",
    "id" : "bb2f847d-4ba1-48d4-95ea-cc0d390d436f",
    "label" : "Default",
    "regions" : [ {
      "components" : [ {
        "componentAttributes" : {
          "background" : "background: rgb(248,249,250)",
          "backgroundOverlayColor" : "rgba(0, 0, 0, 0.3)",
          "borderBottomColor" : "rgb(0, 96, 122)",
          "borderTopColor" : "rgb(0, 96, 122)",
          "bottomRowHeight" : 5,
          "bottomRowOverlayColor" : "rgb(15, 113, 164)",
          "containHeader" : true,
          "containHeaderWidth" : 1440,
          "dropdownBackgroundColor" : "rgb(255, 255, 255)",
          "dropdownBackgroundHoverColor" : "",
          "dropdownBorderColor" : "rgb(240, 240, 240)",
          "dropdownTextColor" : "",
          "dropdownTextHoverColor" : "",
          "iconLinkColor" : "rgb(0, 96, 122)",
          "iconLinkHoverColor" : "rgb(0, 96, 122)",
          "iconLinkTextShadowColor" : "rgba(0, 0, 0, 0.5)",
          "linkActiveBorderColor" : "",
          "linkColor" : "rgb(248, 249, 250)",
          "linkHoverColor" : "rgb(248, 249, 250)",
          "linkTextShadowColor" : "rgba(0, 0, 0, 0.5)",
          "logoWidth" : 100,
          "searchPosition" : "right",
          "searchStyle" : "expanded",
          "showAppLauncher" : false,
          "showNotifications" : true,
          "showProfileMenu" : true,
          "showSearch" : true,
          "topRowHeight" : 20
        },
        "componentName" : "forceCommunity:themeHeaderStacked",
        "id" : "e002d3d6-946b-49b0-9061-b6263e5e6764",
        "regions" : [ {
          "components" : [ {
            "componentAttributes" : {
              "accountManagementLabel" : "Account Management",
              "buttonBackgroundColor" : "inherit",
              "buttonBackgroundHoverColor" : "inherit",
              "buttonBorderColor" : "transparent",
              "buttonBorderRadius" : 5,
              "buttonText" : "Log in",
              "buttonTextColor" : "#fff",
              "buttonTextHoverColor" : "#0099de",
              "communityBuilderLabel" : "Experience Builder",
              "communitySetupLabel" : "Salesforce Setup",
              "contactSupportLabel" : "Contact Support",
              "filterName" : "MyCases",
              "homeLabel" : "Home",
              "logoutLabel" : "Logout",
              "menuStyle" : "iconOnly",
              "messagesLabel" : "Messages",
              "myAccountLabel" : "My Account",
              "showAccountManagement" : true,
              "showContactSupport" : true,
              "showMessages" : true,
              "showUserSettings" : true,
              "userSettingsLabel" : "My Settings",
              "viewProfileLabel" : "My Profile"
            },
            "componentName" : "forceCommunity:themeProfileMenu",
            "id" : "27b7d631-9c3b-4edf-a4fd-1bbcb1a1f4f3",
            "renditionMap" : { },
            "type" : "component"
          } ],
          "id" : "a54463b7-a264-413a-a519-8f46231da44d",
          "regionName" : "themeHeaderProfileMenu",
          "type" : "region"
        }, {
          "components" : [ {
            "componentAttributes" : {
              "backgroundColor" : "rgb(255, 255, 255)",
              "borderColor" : "rgba(0, 15, 89, 0.5)",
              "borderRadius" : 4,
              "borderStyle" : "outline",
              "buttonColor" : "",
              "buttonHoverColor" : "",
              "crossObjectTypeaheadApiNames" : [ {
                "isPublic" : false,
                "name" : "IndividualApplication"
              }, {
                "isPublic" : false,
                "name" : "Account"
              }, {
                "isPublic" : false,
                "name" : "Case"
              } ],
              "iconColor" : "rgba(0, 0, 0, 0.8)",
              "placeholderText" : "Search...",
              "placeholderTextColor" : "rgba(0, 0, 0, 0.6)",
              "showInputFocusOutline" : true,
              "showSearchButton" : false,
              "textColor" : "rgba(0, 0, 0, 0.8)",
              "typeaheadResultMax" : 5,
              "useTypeahead" : true
            },
            "componentName" : "forceCommunity:themeSearch",
            "id" : "2a3526fd-83e1-445a-8cd4-ad387975754c",
            "renditionMap" : { },
            "type" : "component"
          } ],
          "id" : "8f7d90a4-73ab-4ab2-9006-5a5a720db063",
          "regionName" : "search",
          "type" : "region"
        }, {
          "components" : [ {
            "componentAttributes" : {
              "NavigationMenuEditorRefresh" : "Adoption_Agency",
              "alignment" : "left",
              "showAppLauncher" : false,
              "showBackLabel" : true,
              "showHomeLink" : true
            },
            "componentName" : "forceCommunity:multiLevelNavigationWrapper",
            "id" : "dd371d54-c259-4156-a05c-375085165651",
            "renditionMap" : { },
            "type" : "component"
          } ],
          "id" : "23061cd1-932f-4969-aa55-9603cca39758",
          "regionName" : "nav",
          "type" : "region"
        }, {
          "id" : "6c1d372e-db6e-4a28-a133-9e55a357b14f",
          "regionName" : "cartIcon",
          "type" : "region"
        } ],
        "renditionMap" : { },
        "type" : "component"
      } ],
      "id" : "73e2773b-a2cb-487b-919a-9c1e98dcc2d8",
      "regionName" : "themeHeader",
      "type" : "region"
    }, {
      "components" : [ {
        "componentAttributes" : {
          "bgImage" : "background: rgb(241,241,241)",
          "bgOverlayColor" : "rgba(0, 0, 0, 0.2)",
          "captionText" : "Caption Content",
          "captionTextColor" : "rgba(0, 0, 0, 0.8)",
          "captionTextShadowColor" : "rgba(0, 0, 0, 0)",
          "contentAlignment" : "center",
          "contentWidth" : 45,
          "ctaBtnOneBgColor" : "",
          "ctaBtnOneBgHoverColor" : "",
          "ctaBtnOneBorderColor" : "rgba(0, 0, 0, 0)",
          "ctaBtnOneOpenNewTab" : false,
          "ctaBtnOneText" : "Primary",
          "ctaBtnOneTextColor" : "",
          "ctaBtnOneTextHoverColor" : "",
          "ctaBtnOneUrl" : "",
          "ctaBtnRadius" : 4,
          "ctaBtnTwoBgColor" : "rgba(255, 255, 255, 0)",
          "ctaBtnTwoBgHoverColor" : "rgba(255, 255, 255, 0.9)",
          "ctaBtnTwoBorderColor" : "rgba(0, 0, 0, 0.8)",
          "ctaBtnTwoOpenNewTab" : false,
          "ctaBtnTwoText" : "Secondary",
          "ctaBtnTwoTextColor" : "rgba(0, 0, 0, 0.8)",
          "ctaBtnTwoTextHoverColor" : "rgba(0, 0, 0, 0.8)",
          "ctaBtnTwoUrl" : "",
          "ctaShowBtnOne" : true,
          "ctaShowBtnTwo" : true,
          "fixedHeroWidth" : true,
          "heroHeight" : 80,
          "heroWidth" : 1440,
          "showCaption" : true,
          "showSubtitle" : true,
          "showTitle" : true,
          "subtitleText" : "Subtitle Content",
          "subtitleTextColor" : "rgba(0, 0, 0, 0.8)",
          "subtitleTextShadowColor" : "rgba(0, 0, 0, 0)",
          "titleText" : "Title Content",
          "titleTextColor" : "rgba(0, 0, 0, 0.8)",
          "titleTextShadowColor" : "rgba(0, 0, 0, 0)",
          "type" : "callToAction"
        },
        "componentName" : "forceCommunity:themeHeroStarter",
        "id" : "81b5d70c-3e78-456c-a284-7c5f5cc89369",
        "regions" : [ {
          "components" : [ {
            "componentAttributes" : {
              "backgroundColor" : "rgb(255, 255, 255)",
              "borderColor" : "rgba(0, 0, 0, 0.2)",
              "borderRadius" : 4,
              "borderStyle" : "outline",
              "buttonColor" : "",
              "buttonHoverColor" : "",
              "crossObjectTypeaheadApiNames" : "",
              "iconColor" : "rgb(255, 255, 255)",
              "placeholderText" : "Ask a question...",
              "placeholderTextColor" : "rgba(0, 0, 0, 0.6)",
              "publicDropdownBackgroundColor" : "rgb(255, 255, 255)",
              "publicDropdownBackgroundHoverColor" : "",
              "publicDropdownBorderColor" : "rgb(240, 240, 240)",
              "publicDropdownTextColor" : "",
              "publicDropdownTextHoverColor" : "",
              "showInputFocusOutline" : true,
              "showSearchButton" : true,
              "textColor" : "rgba(0, 0, 0, 0.8)",
              "typeaheadResultMax" : 6,
              "useTypeahead" : true
            },
            "componentName" : "forceCommunity:themeSearchHero",
            "id" : "b08da7eb-a8c2-46dc-ba43-ac74f73ee1e8",
            "renditionMap" : { },
            "type" : "component"
          } ],
          "id" : "66fa54c3-394a-4bf8-bd00-d859a7610374",
          "regionName" : "search",
          "type" : "region"
        } ],
        "renditionMap" : { },
        "type" : "component"
      } ],
      "id" : "32d05f32-2f01-4f83-a0f0-cbdef5b1d215",
      "regionName" : "themeHero",
      "type" : "region"
    }, {
      "id" : "4d4490cb-d05b-4944-9d01-a826561fd095",
      "regionName" : "themeFooter",
      "type" : "region"
    } ],
    "type" : "view"
  }, {
    "componentAttributes" : {
      "fixedPageWidth" : 1440,
      "headerBgColor" : "rgba(0, 0, 0, 0)",
      "isHeaderPinned" : false,
      "isHeroUnderHeader" : false,
      "isPageWidthFixed" : true,
      "showHeader" : true,
      "showHero" : true
    },
    "componentName" : "siteforce:themeLayoutStarter",
    "id" : "e531ead4-f7df-4b5b-8ca2-b725b6b22a09",
    "label" : "ServiceNotAvailable",
    "regions" : [ {
      "id" : "acbc5c64-a1c8-46c1-bd4a-3c698491d4e2",
      "regionName" : "themeHeader",
      "type" : "region"
    }, {
      "id" : "600e1a15-692e-4097-ba60-6a1c685f2bdf",
      "regionName" : "themeFooter",
      "type" : "region"
    } ],
    "type" : "view"
  } ]
}