{
    "Version" : "2012-10-17",
    "Id" : "kms-key-policy-ebs",
    "Statement" : [{
      "Sid" : "Allow access through for all principals in the account that are authorized to use kms",
      "Effect" : "Allow",
      "Principal" : {
        "AWS" : "*"
      },
      "Action" : ["kms:Encrypt", "kms:Decrypt", "kms:ReEncrypt*", "kms:GenerateDataKey*", "kms:CreateGrant", "kms:DescribeKey", "kms:RetireGrant"],
      "Resource" : "*",
      "Condition" : {
        "StringEquals" : {
          "kms:CallerAccount" : "631162305552",
          "kms:ViaService"    : "ec2.ap-southeast-1.amazonaws.com"
          
        }
      }

      },
      {
      "Sid" : "AllowRootUserFullAccess",
      "Effect" : "Allow",
      "Principal" : {
        "AWS" : "arn:aws:iam::631162305552:root"
      },
      "Action" : "kms:*",
      "Resource" : "*"
    }]
  }

