{
  "Version": "2012-10-17",
  "Statement": [
    {
      "Effect": "Allow",
      "Principal": {
        "AWS": "arn:aws:iam::631162305552:root"
      },
      "Action": "kms:*",
      "Resource": "*"
    },
    {
      "Effect": "Allow",
      "Principal": {
        "Service": "cloudtrail.amazonaws.com"
      },
      "Action": "kms:GenerateDataKey*",
      "Resource": "*",
      "Condition": {
        "StringLike": {
          "kms:EncryptionContext:aws:cloudtrail:arn": "arn:aws:cloudtrail:*:631162305552:trail/*"
        }
      }
    },
    {
      "Effect": "Allow",
      "Principal": {
        "Service": "logs.ap-southeast-1.amazonaws.com"
      },
      "Action": [
        "kms:ReEncrypt*",
        "kms:GenerateDataKey*",
        "kms:Encrypt*",
        "kms:Describe*",
        "kms:Decrypt*"
      ],
      "Resource": "*"
    },
    {
      "Effect": "Allow",
      "Principal": {
        "Service": "cloudtrail.amazonaws.com"
      },
      "Action": "kms:Describe*",
      "Resource": "*"
    }
  ]
}