{
  "Version": "2012-10-17",
  "Id": "kms-key",
  "Statement": [
    {
      "Sid": "Allow access through for all principals in the account that are authorized to use kms",
      "Effect": "Allow",
      "Principal": {
        "Service": "backup.amazonaws.com"
      },
      "Action": [
        "kms:Encrypt",
        "kms:Decrypt",
        "kms:ReEncrypt*",
        "kms:GenerateDataKey*",
        "kms:CreateGrant",
        "kms:DescribeKey",
        "kms:RetireGrant"
      ],
      "Resource": "*",
      "Condition": {
        "ArnEquals": {
          "kms:EncryptionContext:aws:backup:vault-arn": "arn:aws:backup:ap-southeast-1:631162305552:vault:*"
        }
      }
    },
    {
      "Sid": "Enable IAM User Permissions",
      "Effect": "Allow",
      "Principal": {
        "AWS": "arn:aws:iam::631162305552:root"
      },
      "Action": "kms:*",
      "Resource": "*"
    }
  ]
}