<?xml version="1.0" encoding="UTF-8"?>
<DocumentGenerationSetting xmlns="http://soap.sforce.com/2006/04/metadata">
    <batchDocGnrnPctLimitPerHour>0.0</batchDocGnrnPctLimitPerHour>
    <documentTemplateLibraryName>DocgenDocumentTemplateLibrary</documentTemplateLibraryName>
    <generationMechanism>ClientSide</generationMechanism>
    <isBatchDocGnrnEnabled>false</isBatchDocGnrnEnabled>
    <isServerSideDocGenEnabled>false</isServerSideDocGenEnabled>
    <masterLabel>DocGen</masterLabel>
    <previewType>PDF</previewType>
</DocumentGenerationSetting>
