<?xml version="1.0" encoding="UTF-8"?>
<Dashboard xmlns="http://soap.sforce.com/2006/04/metadata">
    <backgroundEndColor>#FFFFFF</backgroundEndColor>
    <backgroundFadeDirection>Diagonal</backgroundFadeDirection>
    <backgroundStartColor>#FFFFFF</backgroundStartColor>
    <chartTheme>light</chartTheme>
    <colorPalette>unity</colorPalette>
    <dashboardChartTheme>light</dashboardChartTheme>
    <dashboardColorPalette>unity</dashboardColorPalette>
    <dashboardGridLayout>
        <dashboardGridComponents>
            <colSpan>4</colSpan>
            <columnIndex>0</columnIndex>
            <dashboardComponent>
                <autoselectColumnsFromReport>false</autoselectColumnsFromReport>
                <chartAxisRange>Auto</chartAxisRange>
                <chartSummary>
                    <axisBinding>y</axisBinding>
                    <column>RowCount</column>
                </chartSummary>
                <componentType>Column</componentType>
                <decimalPrecision>-1</decimalPrecision>
                <displayUnits>Auto</displayUnits>
                <drillEnabled>false</drillEnabled>
                <drillToDetailEnabled>false</drillToDetailEnabled>
                <enableHover>false</enableHover>
                <expandOthers>false</expandOthers>
                <groupingColumn>CLOSED_DATEONLY</groupingColumn>
                <groupingSortProperties>
                    <groupingSorts>
                        <groupingLevel>g1</groupingLevel>
                        <sortOrder>a</sortOrder>
                    </groupingSorts>
                </groupingSortProperties>
                <header>Case closure per month</header>
                <legendPosition>Bottom</legendPosition>
                <report>RP_CPInvestigationOfficer/RP_CP_INV_Officer_Case_closure_per_month</report>
                <showPercentage>false</showPercentage>
                <showValues>true</showValues>
                <sortBy>RowLabelAscending</sortBy>
                <useReportChart>false</useReportChart>
            </dashboardComponent>
            <rowIndex>0</rowIndex>
            <rowSpan>8</rowSpan>
        </dashboardGridComponents>
        <dashboardGridComponents>
            <colSpan>4</colSpan>
            <columnIndex>4</columnIndex>
            <dashboardComponent>
                <autoselectColumnsFromReport>false</autoselectColumnsFromReport>
                <chartAxisRange>Auto</chartAxisRange>
                <chartSummary>
                    <axisBinding>y</axisBinding>
                    <column>RowCount</column>
                </chartSummary>
                <componentType>Column</componentType>
                <decimalPrecision>-1</decimalPrecision>
                <displayUnits>Auto</displayUnits>
                <drillEnabled>false</drillEnabled>
                <drillToDetailEnabled>false</drillToDetailEnabled>
                <enableHover>false</enableHover>
                <expandOthers>false</expandOthers>
                <groupingColumn>RP_JudicialDocument__c.RP_SubType__c</groupingColumn>
                <groupingSortProperties>
                    <groupingSorts>
                        <groupingLevel>g1</groupingLevel>
                        <sortOrder>a</sortOrder>
                    </groupingSorts>
                </groupingSortProperties>
                <header>Active Cases with Working Authority Breakdown</header>
                <legendPosition>Bottom</legendPosition>
                <report>RP_CPInvestigationOfficer/RP_CP_INV_Active_WA_Breakdown</report>
                <showPercentage>false</showPercentage>
                <showValues>true</showValues>
                <sortBy>RowLabelAscending</sortBy>
                <useReportChart>false</useReportChart>
            </dashboardComponent>
            <rowIndex>0</rowIndex>
            <rowSpan>8</rowSpan>
        </dashboardGridComponents>
        <dashboardGridComponents>
            <colSpan>4</colSpan>
            <columnIndex>8</columnIndex>
            <dashboardComponent>
                <autoselectColumnsFromReport>false</autoselectColumnsFromReport>
                <chartAxisRange>Auto</chartAxisRange>
                <chartSummary>
                    <axisBinding>y</axisBinding>
                    <column>RowCount</column>
                </chartSummary>
                <componentType>Column</componentType>
                <decimalPrecision>-1</decimalPrecision>
                <displayUnits>Auto</displayUnits>
                <drillEnabled>false</drillEnabled>
                <drillToDetailEnabled>false</drillToDetailEnabled>
                <enableHover>false</enableHover>
                <expandOthers>false</expandOthers>
                <groupingColumn>RP_CAPF__c.RP_TypeOfHarm__c</groupingColumn>
                <groupingSortProperties>
                    <groupingSorts>
                        <groupingLevel>g1</groupingLevel>
                        <sortOrder>a</sortOrder>
                    </groupingSorts>
                </groupingSortProperties>
                <header>Case Breakdown by Abuse Types</header>
                <legendPosition>Bottom</legendPosition>
                <report>RP_CPInvestigationOfficer/RP_CP_INV_Officer_Type_of_Abuse_Breakdown</report>
                <showPercentage>false</showPercentage>
                <showValues>true</showValues>
                <sortBy>RowLabelAscending</sortBy>
                <useReportChart>false</useReportChart>
            </dashboardComponent>
            <rowIndex>0</rowIndex>
            <rowSpan>8</rowSpan>
        </dashboardGridComponents>
        <dashboardGridComponents>
            <colSpan>4</colSpan>
            <columnIndex>0</columnIndex>
            <dashboardComponent>
                <autoselectColumnsFromReport>false</autoselectColumnsFromReport>
                <componentType>FlexTable</componentType>
                <flexComponentProperties>
                    <decimalPrecision>-1</decimalPrecision>
                    <flexTableColumn>
                        <reportColumn>CASE_NUMBER</reportColumn>
                        <showSubTotal>false</showSubTotal>
                        <showTotal>false</showTotal>
                        <type>detail</type>
                    </flexTableColumn>
                    <flexTableColumn>
                        <reportColumn>STATUS</reportColumn>
                        <showSubTotal>false</showSubTotal>
                        <showTotal>false</showTotal>
                        <type>detail</type>
                    </flexTableColumn>
                    <flexTableColumn>
                        <reportColumn>Case.RP_CaseReferenceNumber__c</reportColumn>
                        <showSubTotal>false</showSubTotal>
                        <showTotal>false</showTotal>
                        <type>detail</type>
                    </flexTableColumn>
                    <flexTableColumn>
                        <reportColumn>CUST_NAME</reportColumn>
                        <showSubTotal>false</showSubTotal>
                        <showTotal>false</showTotal>
                        <type>detail</type>
                    </flexTableColumn>
                    <flexTableColumn>
                        <reportColumn>RP_Review__c.RP_Actual_Review_Date__c</reportColumn>
                        <showSubTotal>false</showSubTotal>
                        <showTotal>false</showTotal>
                        <type>detail</type>
                    </flexTableColumn>
                    <flexTableSortInfo>
                        <sortColumn>CASE_NUMBER</sortColumn>
                        <sortOrder>1</sortOrder>
                    </flexTableSortInfo>
                    <hideChatterPhotos>true</hideChatterPhotos>
                </flexComponentProperties>
                <groupingSortProperties/>
                <header>Cases Due for Review</header>
                <report>RP_CPInvestigationOfficer/RP_CP_INV_Officer_Cases_Due_for_Review</report>
            </dashboardComponent>
            <rowIndex>8</rowIndex>
            <rowSpan>8</rowSpan>
        </dashboardGridComponents>
        <dashboardGridComponents>
            <colSpan>4</colSpan>
            <columnIndex>4</columnIndex>
            <dashboardComponent>
                <autoselectColumnsFromReport>false</autoselectColumnsFromReport>
                <componentType>FlexTable</componentType>
                <flexComponentProperties>
                    <decimalPrecision>-1</decimalPrecision>
                    <flexTableColumn>
                        <reportColumn>CASE_NUMBER</reportColumn>
                        <showSubTotal>false</showSubTotal>
                        <showTotal>false</showTotal>
                        <type>detail</type>
                    </flexTableColumn>
                    <flexTableColumn>
                        <reportColumn>Case.RP_CaseReferenceNumber__c</reportColumn>
                        <showSubTotal>false</showSubTotal>
                        <showTotal>false</showTotal>
                        <type>detail</type>
                    </flexTableColumn>
                    <flexTableColumn>
                        <reportColumn>CUST_NAME</reportColumn>
                        <showSubTotal>false</showSubTotal>
                        <showTotal>false</showTotal>
                        <type>detail</type>
                    </flexTableColumn>
                    <flexTableColumn>
                        <reportColumn>RP_Review__c.RP_Actual_Review_Date__c</reportColumn>
                        <showSubTotal>false</showSubTotal>
                        <showTotal>false</showTotal>
                        <type>detail</type>
                    </flexTableColumn>
                    <flexTableColumn>
                        <reportColumn>RP_Review__c.RP_Expected_Review_Date__c</reportColumn>
                        <showSubTotal>false</showSubTotal>
                        <showTotal>false</showTotal>
                        <type>detail</type>
                    </flexTableColumn>
                    <flexTableSortInfo>
                        <sortColumn>CASE_NUMBER</sortColumn>
                        <sortOrder>1</sortOrder>
                    </flexTableSortInfo>
                    <hideChatterPhotos>true</hideChatterPhotos>
                </flexComponentProperties>
                <groupingSortProperties/>
                <header>Upcoming Reviews</header>
                <report>RP_CPInvestigationOfficer/RP_CP_INV_Officer_Upcoming_Reviews</report>
            </dashboardComponent>
            <rowIndex>8</rowIndex>
            <rowSpan>8</rowSpan>
        </dashboardGridComponents>
        <dashboardGridComponents>
            <colSpan>4</colSpan>
            <columnIndex>8</columnIndex>
            <dashboardComponent>
                <autoselectColumnsFromReport>false</autoselectColumnsFromReport>
                <componentType>FlexTable</componentType>
                <flexComponentProperties>
                    <decimalPrecision>-1</decimalPrecision>
                    <flexTableColumn>
                        <reportColumn>CASE_NUMBER</reportColumn>
                        <showSubTotal>false</showSubTotal>
                        <showTotal>false</showTotal>
                        <type>detail</type>
                    </flexTableColumn>
                    <flexTableColumn>
                        <reportColumn>Case.RP_CaseReferenceNumber__c</reportColumn>
                        <showSubTotal>false</showSubTotal>
                        <showTotal>false</showTotal>
                        <type>detail</type>
                    </flexTableColumn>
                    <flexTableColumn>
                        <reportColumn>CUST_NAME</reportColumn>
                        <showSubTotal>false</showSubTotal>
                        <showTotal>false</showTotal>
                        <type>detail</type>
                    </flexTableColumn>
                    <flexTableColumn>
                        <reportColumn>RP_JudicialDocument__c.RP_StartDate__c</reportColumn>
                        <showSubTotal>false</showSubTotal>
                        <showTotal>false</showTotal>
                        <type>detail</type>
                    </flexTableColumn>
                    <flexTableColumn>
                        <reportColumn>RP_JudicialDocument__c.RP_EndDate__c</reportColumn>
                        <showSubTotal>false</showSubTotal>
                        <showTotal>false</showTotal>
                        <type>detail</type>
                    </flexTableColumn>
                    <flexTableSortInfo>
                        <sortColumn>CASE_NUMBER</sortColumn>
                        <sortOrder>1</sortOrder>
                    </flexTableSortInfo>
                    <hideChatterPhotos>true</hideChatterPhotos>
                </flexComponentProperties>
                <groupingSortProperties/>
                <header>Upcoming Working Authority Expiry</header>
                <report>RP_CPInvestigationOfficer/RP_CP_INV_Upcoming_Working_Authority_Expiry</report>
            </dashboardComponent>
            <rowIndex>8</rowIndex>
            <rowSpan>8</rowSpan>
        </dashboardGridComponents>
        <numberOfColumns>12</numberOfColumns>
        <rowHeight>36</rowHeight>
    </dashboardGridLayout>
    <dashboardType>LoggedInUser</dashboardType>
    <description>Dashboard for child protection investigation - case assigned officer</description>
    <isGridLayout>true</isGridLayout>
    <textColor>#000000</textColor>
    <title>CP Investigation Officer</title>
    <titleColor>#000000</titleColor>
    <titleSize>12</titleSize>
</Dashboard>
