<?xml version="1.0" encoding="UTF-8"?>
<ConnectedApp xmlns="http://soap.sforce.com/2006/04/metadata">
    <contactEmail>changjiang.a.lai@accenture.com</contactEmail>
    <label>Execution User</label>
    <oauthConfig>
        <callbackUrl>https://msf-ssnet--dev.sandbox.my.salesforce.com/services/authcallback/ExecutionUser</callbackUrl>
        <isAdminApproved>true</isAdminApproved>
        <isClientCredentialEnabled>true</isClientCredentialEnabled>
        <isCodeCredentialEnabled>false</isCodeCredentialEnabled>
        <isCodeCredentialPostOnly>false</isCodeCredentialPostOnly>
        <isConsumerSecretOptional>false</isConsumerSecretOptional>
        <isIntrospectAllTokens>false</isIntrospectAllTokens>
        <isNamedUserJwtEnabled>false</isNamedUserJwtEnabled>
        <isPkceRequired>true</isPkceRequired>
        <isRefreshTokenRotationEnabled>false</isRefreshTokenRotationEnabled>
        <isSecretRequiredForRefreshToken>true</isSecretRequiredForRefreshToken>
        <isSecretRequiredForTokenExchange>false</isSecretRequiredForTokenExchange>
        <isTokenExchangeEnabled>true</isTokenExchangeEnabled>
        <oauthClientCredentialUser>executionuser@msfssnet.com.dev</oauthClientCredentialUser>
        <scopes>Api</scopes>
        <scopes>Web</scopes>
        <scopes>RefreshToken</scopes>
    </oauthConfig>
    <oauthPolicy>
        <ipRelaxation>ENFORCE</ipRelaxation>
        <isTokenExchangeFlowEnabled>false</isTokenExchangeFlowEnabled>
        <refreshTokenPolicy>zero</refreshTokenPolicy>
    </oauthPolicy>
    <profileName>Salesforce API Only System Integrations</profileName>
</ConnectedApp>
