{
    "Version": "2012-10-17",
    "Statement": [
        {
            "Sid": "eksassume",
            "Effect": "Allow",
            "Principal": {
                "Service": "eks.amazonaws.com"
            },
            "Action": "sts:AssumeRole"
        },
        {
            "Effect": "Allow",
            "Principal": {
                "Service": "eks.amazonaws.com"
            },
            "Action": "sts:AssumeRole",
            "Condition": {
                "StringEquals": {
                    "aws:SourceAccount": "${account_id}"
                },
                "StringLike": {
                    "aws:SourceArn": "arn:aws:eks:ap-southeast-1:${account_id}:*"
                }
            }
        }
    ]
}