{
    "Version": "2012-10-17",
    "Statement": [
        {
            "Effect": "Allow",
            "Action": [
                "eks:DescribeCluster",
                "eks:ListClusters",
                "eks:CreateCluster",
                "eks:UpdateClusterConfig",
                "eks:DeleteCluster",
                "eks:TagResource",
                "eks:UntagResource",
                "eks:ListUpdates",
                "eks:DescribeUpdate",
                "eks:CreateFargateProfile",
                "eks:DeleteFargateProfile",
                "eks:ListFargateProfiles"
            ],
            "Resource": "*"
        }
    ]
}