{
    "Version" : "2012-10-17",
    "Id" : "eks-kms-policy",
    "Statement" : [{
      "Sid" : "Allow access through for all principals in the account that are authorized to use kms",
      "Effect" : "Allow",
      "Principal" : {
        "AWS" : "*"
      },
      "Action" : ["kms:Encrypt", "kms:Decrypt", "kms:ReEncrypt*", "kms:GenerateDataKey*", "kms:CreateGrant", "kms:DescribeKey", "kms:RetireGrant"],
      "Resource" : "*",
      "Condition" : {
        "StringEquals" : {
          "kms:CallerAccount" : "${account_id}",
          "kms:ViaService"    : "eks.amazonaws.com"
          
        }
      }

      },
      {
      "Sid" : "Enable IAM User Permissions",
      "Effect" : "Allow",
      "Principal" : {
        "AWS" : "arn:aws:iam::${account_id}:root"
      },
      "Action" : "kms:*",
      "Resource" : "*"
    }]
  }

