{
  "Version": "2012-10-17",
  "Statement": [
    {
      "Effect": "Allow",
      "Principal": {
        "AWS": "arn:aws:iam::${account_id}:role/${role_name}"
      },
      "Action": [
        "s3:GetObject",
        "s3:PutObject",
        "s3:ListBucket"
      ],
      "Resource": [
        "arn:aws:s3:::${bucket_name}/*",
        "arn:aws:s3:::${bucket_name}"
      ]
    },
    {
      "Sid": "EnforceHttps",
      "Effect": "Deny",
      "Principal": "*",
      "Action": "s3:*",
      "Resource": [
        "arn:aws:s3:::${bucket_name}/*",
        "arn:aws:s3:::${bucket_name}"
      ],
      "Condition": {
        "Bool": {
          "aws:SecureTransport": "false"
        }
      }
    }
  ]
}