<?xml version="1.0" encoding="UTF-8"?>
<CustomMetadata xmlns="http://soap.sforce.com/2006/04/metadata" xmlns:xsi="http://www.w3.org/2001/XMLSchema-instance" xmlns:xsd="http://www.w3.org/2001/XMLSchema">
    <label>H2W Scheme Creation</label>
    <protected>false</protected>
    <values>
        <field>RP_CustomPermissionName__c</field>
        <value xsi:type="xsd:string">RP_ES_H2W_Scheme_Creation</value>
    </values>
    <values>
        <field>RP_SchemeName__c</field>
        <value xsi:type="xsd:string">H2W</value>
    </values>
</CustomMetadata>
