<?xml version="1.0" encoding="UTF-8"?>
<CustomMetadata xmlns="http://soap.sforce.com/2006/04/metadata" xmlns:xsi="http://www.w3.org/2001/XMLSchema-instance" xmlns:xsd="http://www.w3.org/2001/XMLSchema">
    <label>ES Type</label>
    <protected>false</protected>
    <values>
        <field>RP_ObjectAPIName__c</field>
        <value xsi:type="xsd:string">IndividualApplication</value>
    </values>
    <values>
        <field>RP_RecordTypeName__c</field>
        <value xsi:type="xsd:string">Enabling Services</value>
    </values>
</CustomMetadata>
