<?xml version="1.0" encoding="UTF-8"?>
<CustomMetadata xmlns="http://soap.sforce.com/2006/04/metadata" xmlns:xsi="http://www.w3.org/2001/XMLSchema-instance" xmlns:xsd="http://www.w3.org/2001/XMLSchema">
    <label>Internal User H2W</label>
    <protected>false</protected>
    <values>
        <field>RP_AccountName__c</field>
        <value xsi:type="xsd:string">Internal Account</value>
    </values>
    <values>
        <field>RP_Category__c</field>
        <value xsi:type="xsd:string">H2W</value>
    </values>
    <values>
        <field>RP_IsPartnerUser__c</field>
        <value xsi:type="xsd:boolean">false</value>
    </values>
    <values>
        <field>RP_QueueDeveloperName__c</field>
        <value xsi:type="xsd:string">RP_ES_H2W_SGE_Application_Queue</value>
    </values>
</CustomMetadata>
