<?xml version="1.0" encoding="UTF-8"?>
<EmailTemplate xmlns="http://soap.sforce.com/2006/04/metadata">
    <apiVersion>59.0</apiVersion>
    <available>true</available>
    <description>SSNETVIJNM-1987-Jeeva: CAPF Approval Request Approved Email Template</description>
    <encodingKey>UTF-8</encodingKey>
    <name>RP CAPF Approval Request Status Update</name>
    <style>none</style>
    <subject>The request has been</subject>
    <type>visualforce</type>
    <uiType>Aloha</uiType>
</EmailTemplate>
