<?xml version="1.0" encoding="UTF-8"?>
<EmailTemplate xmlns="http://soap.sforce.com/2006/04/metadata">
    <apiVersion>61.0</apiVersion>
    <available>true</available>
    <description>ICP Investigation Pending Fresh Lead Approval Request Email Template</description>
    <encodingKey>UTF-8</encodingKey>
    <name>Pending Fresh Lead</name>
    <style>none</style>
    <subject>Your request for approval is approved ()</subject>
    <type>visualforce</type>
    <uiType>Aloha</uiType>
</EmailTemplate>
