<?xml version="1.0" encoding="UTF-8"?>
<EmailTemplate xmlns="http://soap.sforce.com/2006/04/metadata">
    <apiVersion>59.0</apiVersion>
    <available>true</available>
    <description>SSNETVIJNM-1585-Jeeva: Public Complaint Closure Approval Status Rejected Email</description>
    <encodingKey>UTF-8</encodingKey>
    <name>RP Public Complaint Approval Rejected</name>
    <style>none</style>
    <subject>The request has been rejected</subject>
    <type>visualforce</type>
    <uiType>Aloha</uiType>
</EmailTemplate>
