<?xml version="1.0" encoding="UTF-8"?>
<DashboardFolder xmlns="http://soap.sforce.com/2006/04/metadata">
    <folderShares>
        <accessLevel>View</accessLevel>
        <sharedTo>CP_Users</sharedTo>
        <sharedToType>Role</sharedToType>
    </folderShares>
    <folderShares>
        <accessLevel>Manage</accessLevel>
        <sharedTo>RP_Application_Team</sharedTo>
        <sharedToType>Group</sharedToType>
    </folderShares>
    <name>Child Protection</name>
</DashboardFolder>
