{
  "definitionName" : "ember:branding-ember",
  "id" : "417afa80-c1df-47f6-8953-b6738b5c0298",
  "label" : "Ember",
  "type" : "brandingSet",
  "values" : {
    "ActionColor" : "rgb(0, 158, 239)",
    "BorderColor" : "rgb(212, 212, 212)",
    "CardBackgroundColor" : "rgba(255, 255, 255, 0)",
    "CompanyLogo" : "",
    "DetailTextColor" : "rgba(0, 0, 0, 0.6)",
    "ErrorFontColor" : "#ff9e9e",
    "HeaderFonts" : "Montserrat",
    "LinkColor" : "rgb(0, 95, 178)",
    "LoginBackgroundColor" : "#F4F4F4",
    "LoginBackgroundImage" : "../../../../sfsites/picasso/core/external/salesforceIdentity/images/background.jpg?v=1",
    "OverlayTextColor" : "rgb(255, 255, 255)",
    "PageBackgroundColor" : "rgb(255, 255, 255)",
    "PrimaryFont" : "Lato",
    "TextColor" : "rgba(0, 0, 0, 0.8)",
    "TextTransformStyle" : "none",
    "_ActionColorDarker" : "#007cbc",
    "_ActionColorTrans" : "rgba(0, 158, 239, 0.9)",
    "_BackgroundColor1" : "rgb(235, 235, 235)",
    "_BackgroundColor2" : "rgb(194, 194, 194)",
    "_BackgroundColor3" : "rgb(133, 133, 133)",
    "_DxpPageBackgroundColor" : "#FFFFFF",
    "_HoverColor" : "rgba(0, 158, 239, 0.05)",
    "_LinkColorDarker" : "rgb(0, 73, 137)",
    "_NeutralColor" : "#ecebea",
    "_NeutralColor1" : "rgb(217, 215, 213)",
    "_NeutralColor2" : "rgb(178, 174, 170)",
    "_NeutralColor3" : "rgb(118, 113, 107)",
    "_NeutralForegroundColor" : "#000",
    "_NeutralForegroundColor1" : "#000",
    "_NeutralForegroundColor2" : "#000",
    "_NeutralForegroundColor3" : "#fff",
    "_OverlayTextColorShadow" : "#000000",
    "_PrimaryAccentColor1" : "rgb(0, 131, 198)",
    "_PrimaryAccentColor2" : "rgb(0, 77, 117)",
    "_PrimaryAccentColor3" : "rgb(0, 0, 0)",
    "_PrimaryAccentForegroundColor1" : "rgb(255, 255, 255)",
    "_PrimaryAccentForegroundColor2" : "rgb(255, 255, 255)",
    "_PrimaryAccentForegroundColor3" : "rgb(255, 255, 255)",
    "_TextColor1" : "rgba(0, 0, 0, 0.8)",
    "_TextColor2" : "rgba(0, 0, 0, 0.8)",
    "_TextColor3" : "rgba(0, 0, 0, 0.8)"
  }
}