{
    "Version": "2012-10-17",
    "Statement": [
        {
            "Sid": "ELBRegionAp-Southeast-1",
            "Effect": "Allow",
            "Principal": {
                "AWS": "arn:aws:iam::114774131450:root"
            },
            "Action": "s3:PutObject",
            "Resource": "arn:aws:s3:::${bucket_name}/*"
        },
        {
            "Effect": "Allow",
            "Principal": {
                "Service": "logdelivery.elasticloadbalancing.amazonaws.com"
            },
            "Action": "s3:PutObject",
            "Resource": "arn:aws:s3:::${bucket_name}/*"
        },
        {
            "Sid": "AWSLogDeliveryWrite",
            "Effect": "Allow",
            "Principal": {
                "Service": "delivery.logs.amazonaws.com"
            },
            "Action": "s3:PutObject",
            "Resource": "arn:aws:s3:::${bucket_name}/*",
            "Condition": {
                "StringEquals": {
                    "s3:x-amz-acl": "bucket-owner-full-control"
                }
            }
        },
        {
            "Sid": "AWSLogDeliveryAclCheck",
            "Effect": "Allow",
            "Principal": {
                "Service": "delivery.logs.amazonaws.com"
            },
            "Action": [
                "s3:ListBucket",
                "s3:GetBucketAcl"
            ],
            "Resource": "arn:aws:s3:::${bucket_name}"
        },
        {
            "Sid": "AWSAccessLogDeliveryWrite",
            "Effect": "Allow",
            "Principal": {
                "Service": "logging.s3.amazonaws.com"
            },
            "Action": "s3:PutObject",
            "Resource": "arn:aws:s3:::${bucket_name}/*"
        },
        {
            "Sid": "AWSAccessLogDeliveryAclCheck",
            "Effect": "Allow",
            "Principal": {
                "Service": "logging.s3.amazonaws.com"
            },
            "Action": "s3:GetBucketAcl",
            "Resource": "arn:aws:s3:::${bucket_name}"
        },
        {
            "Sid": "denyInsecureTransport",
            "Effect": "Deny",
            "Principal": "*",
            "Action": "s3:*",
            "Resource": [
                "arn:aws:s3:::${bucket_name}/*",
                "arn:aws:s3:::${bucket_name}"
            ],
            "Condition": {
                "Bool": {
                    "aws:SecureTransport": "false"
                }
            }
        }
    ]
}