{
    "Version": "2012-10-17",
    "Id": "S3-log-Policy",
    "Statement": [
        {
            "Sid": "DenyAllInsecureAccess",
            "Effect": "Deny",
            "Principal": "*",
            "Action": "s3:*",
            "Resource": [
                "arn:aws:s3:::${bucket_name}/*",
                "arn:aws:s3:::${bucket_name}"
            ],
            "Condition": {
                "Bool": {
                    "aws:SecureTransport": "false"
                }
            }
        },
        {
            "Sid": "DenyInsecureLoggingServicePutObject",
            "Effect": "Deny",
            "Principal": {
                "Service": "logging.s3.amazonaws.com"
            },
            "Action": "s3:PutObject",
            "Resource": "arn:aws:s3:::${bucket_name}/*",
            "Condition": {
                "Bool": {
                    "aws:SecureTransport": "false"
                }
            }
        },
        {
            "Sid": "AllowLoggingServicePutObject",
            "Effect": "Allow",
            "Principal": {
                "Service": "logging.s3.amazonaws.com"
            },
            "Action": "s3:PutObject",
            "Resource": "arn:aws:s3:::${bucket_name}/*"
        }
    ]
}