{
    "Version": "2012-10-17",
    "Statement": [
        {
            "Sid": "rdsassume",
            "Effect": "Allow",
            "Principal": {
                "Service": "rds.amazonaws.com"
            },
            "Action": "sts:AssumeRole",
            "Condition": {
                "StringEquals": {
                    "aws:SourceAccount": "688022033196"
                },
                "ArnLike": {
                    "aws:SourceArn": "arn:aws:rds:ap-southeast-1:688022033196:db:dbs-rdsmssql-ssnet-prdezdb-dm-ssis"
                }
            }
        }
    ]
}