<?xml version="1.0" encoding="UTF-8"?>
<CustomApplication xmlns="http://soap.sforce.com/2006/04/metadata">
    <actionOverrides>
        <actionName>View</actionName>
        <comment>Action override created by Lightning App Builder during activation.</comment>
        <content>RP_ES_Case_Record_Page</content>
        <formFactor>Large</formFactor>
        <skipRecordTypeSelect>false</skipRecordTypeSelect>
        <type>Flexipage</type>
        <pageOrSobjectType>Case</pageOrSobjectType>
    </actionOverrides>
    <actionOverrides>
        <actionName>View</actionName>
        <comment>Action override created by Lightning App Builder during activation.</comment>
        <content>RP_ES_Case_Record_Page</content>
        <formFactor>Small</formFactor>
        <skipRecordTypeSelect>false</skipRecordTypeSelect>
        <type>Flexipage</type>
        <pageOrSobjectType>Case</pageOrSobjectType>
    </actionOverrides>
    <brand>
        <headerColor>#0070D2</headerColor>
        <shouldOverrideOrgTheme>false</shouldOverrideOrgTheme>
    </brand>
    <description>Console app to provide Family services</description>
    <formFactors>Small</formFactors>
    <formFactors>Large</formFactors>
    <isNavAutoTempTabsDisabled>false</isNavAutoTempTabsDisabled>
    <isNavPersonalizationDisabled>false</isNavPersonalizationDisabled>
    <isNavTabPersistenceDisabled>false</isNavTabPersistenceDisabled>
    <isOmniPinnedViewEnabled>false</isOmniPinnedViewEnabled>
    <label>Family Services</label>
    <navType>Console</navType>
    <profileActionOverrides>
        <actionName>View</actionName>
        <content>RP_ES_Individual_Application_Record_Page</content>
        <formFactor>Small</formFactor>
        <pageOrSobjectType>IndividualApplication</pageOrSobjectType>
        <recordType>IndividualApplication.RP_EnablingServices</recordType>
        <type>Flexipage</type>
        <profile>Admin</profile>
    </profileActionOverrides>
    <profileActionOverrides>
        <actionName>View</actionName>
        <content>RP_ES_Individual_Application_Record_Page</content>
        <formFactor>Large</formFactor>
        <pageOrSobjectType>IndividualApplication</pageOrSobjectType>
        <recordType>IndividualApplication.RP_EnablingServices</recordType>
        <type>Flexipage</type>
        <profile>Admin</profile>
    </profileActionOverrides>
    <profileActionOverrides>
        <actionName>View</actionName>
        <content>RP_PersonAccountRecordPage</content>
        <formFactor>Small</formFactor>
        <pageOrSobjectType>Account</pageOrSobjectType>
        <recordType>PersonAccount.PersonAccount</recordType>
        <type>Flexipage</type>
        <profile>es user</profile>
    </profileActionOverrides>
    <profileActionOverrides>
        <actionName>View</actionName>
        <content>RP_PersonAccountRecordPage</content>
        <formFactor>Large</formFactor>
        <pageOrSobjectType>Account</pageOrSobjectType>
        <recordType>PersonAccount.PersonAccount</recordType>
        <type>Flexipage</type>
        <profile>es user</profile>
    </profileActionOverrides>
    <!-- <profileActionOverrides>
        <actionName>View</actionName>
        <content>RP_ES_Case_Record_Page</content>
        <formFactor>Small</formFactor>
        <pageOrSobjectType>Case</pageOrSobjectType>
        <recordType>Case.RP_EnablingServices</recordType>
        <type>Flexipage</type>
        <profile>Enablement Service User - System Administrator</profile>
    </profileActionOverrides>
    <profileActionOverrides>
        <actionName>View</actionName>
        <content>RP_ES_Case_Record_Page</content>
        <formFactor>Large</formFactor>
        <pageOrSobjectType>Case</pageOrSobjectType>
        <recordType>Case.RP_EnablingServices</recordType>
        <type>Flexipage</type>
        <profile>Enablement Service User - System Administrator</profile>
    </profileActionOverrides>
    <profileActionOverrides>
        <actionName>View</actionName>
        <content>RP_ES_Case_Record_Page</content>
        <formFactor>Small</formFactor>
        <pageOrSobjectType>Case</pageOrSobjectType>
        <recordType>Case.RP_EnablingServices</recordType>
        <type>Flexipage</type>
        <profile>Enabling Service - SGE Staff</profile>
    </profileActionOverrides>
    <profileActionOverrides>
        <actionName>View</actionName>
        <content>RP_ES_Case_Record_Page</content>
        <formFactor>Large</formFactor>
        <pageOrSobjectType>Case</pageOrSobjectType>
        <recordType>Case.RP_EnablingServices</recordType>
        <type>Flexipage</type>
        <profile>Enabling Service - SGE Staff</profile>
    </profileActionOverrides>
    <profileActionOverrides>
        <actionName>View</actionName>
        <content>RP_ES_Case_Record_Page</content>
        <formFactor>Small</formFactor>
        <pageOrSobjectType>Case</pageOrSobjectType>
        <recordType>Case.RP_EnablingServices</recordType>
        <type>Flexipage</type>
        <profile>ES Agency User - System Adminstrator</profile>
    </profileActionOverrides>
    <profileActionOverrides>
        <actionName>View</actionName>
        <content>RP_ES_Case_Record_Page</content>
        <formFactor>Large</formFactor>
        <pageOrSobjectType>Case</pageOrSobjectType>
        <recordType>Case.RP_EnablingServices</recordType>
        <type>Flexipage</type>
        <profile>ES Agency User - System Adminstrator</profile>
    </profileActionOverrides>-->
    <profileActionOverrides>
        <actionName>View</actionName>
        <content>RP_ES_Case_Record_Page</content>
        <formFactor>Small</formFactor>
        <pageOrSobjectType>Case</pageOrSobjectType>
        <recordType>Case.RP_EnablingServices</recordType>
        <type>Flexipage</type>
        <profile>Admin</profile>
    </profileActionOverrides>
    <profileActionOverrides>
        <actionName>View</actionName>
        <content>RP_ES_Case_Record_Page</content>
        <formFactor>Large</formFactor>
        <pageOrSobjectType>Case</pageOrSobjectType>
        <recordType>Case.RP_EnablingServices</recordType>
        <type>Flexipage</type>
        <profile>Admin</profile>
    </profileActionOverrides>
    <!--<profileActionOverrides>
        <actionName>View</actionName>
        <content>RP_ES_Individual_Application_Record_Page</content>
        <formFactor>Small</formFactor>
        <pageOrSobjectType>IndividualApplication</pageOrSobjectType>
        <recordType>IndividualApplication.RP_EnablingServices</recordType>
        <type>Flexipage</type>
        <profile>RP ES User</profile>
    </profileActionOverrides>
    <profileActionOverrides>
        <actionName>View</actionName>
        <content>RP_ES_Individual_Application_Record_Page</content>
        <formFactor>Large</formFactor>
        <pageOrSobjectType>IndividualApplication</pageOrSobjectType>
        <recordType>IndividualApplication.RP_EnablingServices</recordType>
        <type>Flexipage</type>
        <profile>RP ES User</profile>
    </profileActionOverrides>
    <profileActionOverrides>
        <actionName>View</actionName>
        <content>Public_Application_Participant_Record_Page</content>
        <formFactor>Small</formFactor>
        <pageOrSobjectType>PublicApplicationParticipant</pageOrSobjectType>
        <type>Flexipage</type>
        <profile>RP ES User</profile>
    </profileActionOverrides>
    <profileActionOverrides>
        <actionName>View</actionName>
        <content>Public_Application_Participant_Record_Page</content>
        <formFactor>Large</formFactor>
        <pageOrSobjectType>PublicApplicationParticipant</pageOrSobjectType>
        <type>Flexipage</type>
        <profile>RP ES User</profile>
    </profileActionOverrides>-->
    <profileActionOverrides>
        <actionName>View</actionName>
        <content>Public_Application_Participant_Record_Page</content>
        <formFactor>Small</formFactor>
        <pageOrSobjectType>PublicApplicationParticipant</pageOrSobjectType>
        <type>Flexipage</type>
        <profile>Admin</profile>
    </profileActionOverrides>
    <profileActionOverrides>
        <actionName>View</actionName>
        <content>Public_Application_Participant_Record_Page</content>
        <formFactor>Large</formFactor>
        <pageOrSobjectType>PublicApplicationParticipant</pageOrSobjectType>
        <type>Flexipage</type>
        <profile>Admin</profile>
    </profileActionOverrides>
    <tabs>standard-home</tabs>
    <tabs>standard-Account</tabs>
    <tabs>standard-IndividualApplication</tabs>
    <tabs>standard-Case</tabs>
    <tabs>standard-report</tabs>
    <tabs>standard-Dashboard</tabs>
    <tabs>RP_JobMatch__c</tabs>
    <tabs>RP_JobPost__c</tabs>
    <tabs>RP_JobSupport__c</tabs>
    <tabs>RP_ES_Application</tabs>
    <uiType>Lightning</uiType>
    <workspaceConfig>
        <mappings>
            <tab>RP_ES_Application</tab>
        </mappings>
        <mappings>
            <tab>RP_JobMatch__c</tab>
        </mappings>
        <mappings>
            <tab>RP_JobPost__c</tab>
        </mappings>
        <mappings>
            <tab>RP_JobSupport__c</tab>
        </mappings>
        <mappings>
            <tab>standard-Account</tab>
        </mappings>
        <mappings>
            <fieldName>AccountId</fieldName>
            <tab>standard-Case</tab>
        </mappings>
        <mappings>
            <tab>standard-Dashboard</tab>
        </mappings>
        <mappings>
            <fieldName>AccountId</fieldName>
            <tab>standard-IndividualApplication</tab>
        </mappings>
        <mappings>
            <tab>standard-home</tab>
        </mappings>
        <mappings>
            <tab>standard-report</tab>
        </mappings>
    </workspaceConfig>
</CustomApplication>
