<?xml version="1.0" encoding="UTF-8"?>
<CustomApplication xmlns="http://soap.sforce.com/2006/04/metadata">
    <actionOverrides>
        <actionName>View</actionName>
        <comment>Action override created by Lightning App Builder during activation.</comment>
        <content>RP_Exception_Log_Record_Page</content>
        <formFactor>Large</formFactor>
        <skipRecordTypeSelect>false</skipRecordTypeSelect>
        <type>Flexipage</type>
        <pageOrSobjectType>RP_ExceptionLog__c</pageOrSobjectType>
    </actionOverrides>
    <actionOverrides>
        <actionName>View</actionName>
        <comment>Action override created by Lightning App Builder during activation.</comment>
        <content>RP_Exception_Log_Record_Page</content>
        <formFactor>Small</formFactor>
        <skipRecordTypeSelect>false</skipRecordTypeSelect>
        <type>Flexipage</type>
        <pageOrSobjectType>RP_ExceptionLog__c</pageOrSobjectType>
    </actionOverrides>
    <actionOverrides>
        <actionName>View</actionName>
        <comment>Action override created by Lightning App Builder during activation.</comment>
        <content>RP_Interaction_Summary_Case_Participant_Record_Page</content>
        <formFactor>Large</formFactor>
        <skipRecordTypeSelect>false</skipRecordTypeSelect>
        <type>Flexipage</type>
        <pageOrSobjectType>RP_InteractionSummaryCaseParticipant__c</pageOrSobjectType>
    </actionOverrides>
    <actionOverrides>
        <actionName>View</actionName>
        <comment>Action override created by Lightning App Builder during activation.</comment>
        <content>RP_Interaction_Summary_Case_Participant_Record_Page</content>
        <formFactor>Small</formFactor>
        <skipRecordTypeSelect>false</skipRecordTypeSelect>
        <type>Flexipage</type>
        <pageOrSobjectType>RP_InteractionSummaryCaseParticipant__c</pageOrSobjectType>
    </actionOverrides>
    <actionOverrides>
        <actionName>View</actionName>
        <comment>Action override created by Lightning App Builder during activation.</comment>
        <content>RP_Mental_Health_Record_Page</content>
        <formFactor>Large</formFactor>
        <skipRecordTypeSelect>false</skipRecordTypeSelect>
        <type>Flexipage</type>
        <pageOrSobjectType>RP_MentalHealth__c</pageOrSobjectType>
    </actionOverrides>
    <actionOverrides>
        <actionName>View</actionName>
        <comment>Action override created by Lightning App Builder during activation.</comment>
        <content>RP_Mental_Health_Record_Page</content>
        <formFactor>Small</formFactor>
        <skipRecordTypeSelect>false</skipRecordTypeSelect>
        <type>Flexipage</type>
        <pageOrSobjectType>RP_MentalHealth__c</pageOrSobjectType>
    </actionOverrides>
    <actionOverrides>
        <actionName>View</actionName>
        <comment>Action override created by Lightning App Builder during activation.</comment>
        <content>RP_Review_Clients_Record_Page</content>
        <formFactor>Large</formFactor>
        <skipRecordTypeSelect>false</skipRecordTypeSelect>
        <type>Flexipage</type>
        <pageOrSobjectType>RP_ReviewClients__c</pageOrSobjectType>
    </actionOverrides>
    <actionOverrides>
        <actionName>View</actionName>
        <comment>Action override created by Lightning App Builder during activation.</comment>
        <content>RP_Review_Clients_Record_Page</content>
        <formFactor>Small</formFactor>
        <skipRecordTypeSelect>false</skipRecordTypeSelect>
        <type>Flexipage</type>
        <pageOrSobjectType>RP_ReviewClients__c</pageOrSobjectType>
    </actionOverrides>
    <actionOverrides>
        <actionName>View</actionName>
        <comment>Action override created by Lightning App Builder during activation.</comment>
        <content>RP_Review_Record_Page</content>
        <formFactor>Large</formFactor>
        <skipRecordTypeSelect>false</skipRecordTypeSelect>
        <type>Flexipage</type>
        <pageOrSobjectType>RP_Review__c</pageOrSobjectType>
    </actionOverrides>
    <actionOverrides>
        <actionName>View</actionName>
        <comment>Action override created by Lightning App Builder during activation.</comment>
        <content>RP_Review_Record_Page</content>
        <formFactor>Small</formFactor>
        <skipRecordTypeSelect>false</skipRecordTypeSelect>
        <type>Flexipage</type>
        <pageOrSobjectType>RP_Review__c</pageOrSobjectType>
    </actionOverrides>
    <actionOverrides>
        <actionName>View</actionName>
        <comment>Action override created by Lightning App Builder during activation.</comment>
        <content>RP_Person_Account_Record_Page</content>
        <formFactor>Large</formFactor>
        <skipRecordTypeSelect>false</skipRecordTypeSelect>
        <type>Flexipage</type>
        <pageOrSobjectType>Account</pageOrSobjectType>
    </actionOverrides>
    <actionOverrides>
        <actionName>View</actionName>
        <comment>Action override created by Lightning App Builder during activation.</comment>
        <content>RP_Person_Account_Record_Page</content>
        <formFactor>Small</formFactor>
        <skipRecordTypeSelect>false</skipRecordTypeSelect>
        <type>Flexipage</type>
        <pageOrSobjectType>Account</pageOrSobjectType>
    </actionOverrides>
    <actionOverrides>
        <actionName>View</actionName>
        <comment>Action override created by Lightning App Builder during activation.</comment>
        <content>RP_Case_Record_Page</content>
        <formFactor>Large</formFactor>
        <skipRecordTypeSelect>false</skipRecordTypeSelect>
        <type>Flexipage</type>
        <pageOrSobjectType>Case</pageOrSobjectType>
    </actionOverrides>
    <actionOverrides>
        <actionName>View</actionName>
        <comment>Action override created by Lightning App Builder during activation.</comment>
        <content>RP_Case_Record_Page</content>
        <formFactor>Small</formFactor>
        <skipRecordTypeSelect>false</skipRecordTypeSelect>
        <type>Flexipage</type>
        <pageOrSobjectType>Case</pageOrSobjectType>
    </actionOverrides>
    <actionOverrides>
        <actionName>View</actionName>
        <comment>Action override created by Lightning App Builder during activation.</comment>
        <content>RP_Case_Participant_Record_Page</content>
        <formFactor>Large</formFactor>
        <skipRecordTypeSelect>false</skipRecordTypeSelect>
        <type>Flexipage</type>
        <pageOrSobjectType>CaseParticipant</pageOrSobjectType>
    </actionOverrides>
    <actionOverrides>
        <actionName>View</actionName>
        <comment>Action override created by Lightning App Builder during activation.</comment>
        <content>RP_Case_Participant_Record_Page</content>
        <formFactor>Small</formFactor>
        <skipRecordTypeSelect>false</skipRecordTypeSelect>
        <type>Flexipage</type>
        <pageOrSobjectType>CaseParticipant</pageOrSobjectType>
    </actionOverrides>
    <actionOverrides>
        <actionName>View</actionName>
        <comment>Action override created by Lightning App Builder during activation.</comment>
        <content>RP_Interaction_Summary_Record_Page</content>
        <formFactor>Large</formFactor>
        <skipRecordTypeSelect>false</skipRecordTypeSelect>
        <type>Flexipage</type>
        <pageOrSobjectType>InteractionSummary</pageOrSobjectType>
    </actionOverrides>
    <actionOverrides>
        <actionName>View</actionName>
        <comment>Action override created by Lightning App Builder during activation.</comment>
        <content>RP_Interaction_Summary_Record_Page</content>
        <formFactor>Small</formFactor>
        <skipRecordTypeSelect>false</skipRecordTypeSelect>
        <type>Flexipage</type>
        <pageOrSobjectType>InteractionSummary</pageOrSobjectType>
    </actionOverrides>
    <brand>
        <headerColor>#1B3D72</headerColor>
        <shouldOverrideOrgTheme>false</shouldOverrideOrgTheme>
    </brand>
    <formFactors>Small</formFactors>
    <formFactors>Large</formFactors>
    <isNavAutoTempTabsDisabled>false</isNavAutoTempTabsDisabled>
    <isNavPersonalizationDisabled>true</isNavPersonalizationDisabled>
    <isNavTabPersistenceDisabled>false</isNavTabPersistenceDisabled>
    <label>Protective Service</label>
    <navType>Console</navType>
    <profileActionOverrides>
        <actionName>View</actionName>
        <content>RP_BusinessAccountRecordPage</content>
        <formFactor>Small</formFactor>
        <pageOrSobjectType>Account</pageOrSobjectType>
        <recordType>Account.Business_Account</recordType>
        <type>Flexipage</type>
        <profile>Admin</profile>
    </profileActionOverrides>
    <profileActionOverrides>
        <actionName>View</actionName>
        <content>RP_BusinessAccountRecordPage</content>
        <formFactor>Large</formFactor>
        <pageOrSobjectType>Account</pageOrSobjectType>
        <recordType>Account.Business_Account</recordType>
        <type>Flexipage</type>
        <profile>Admin</profile>
    </profileActionOverrides>
    <profileActionOverrides>
        <actionName>View</actionName>
        <content>RP_HouseholdRecordPage</content>
        <formFactor>Small</formFactor>
        <pageOrSobjectType>Account</pageOrSobjectType>
        <recordType>Account.RP_HouseholdAccount</recordType>
        <type>Flexipage</type>
        <profile>Admin</profile>
    </profileActionOverrides>
    <profileActionOverrides>
        <actionName>View</actionName>
        <content>RP_HouseholdRecordPage</content>
        <formFactor>Large</formFactor>
        <pageOrSobjectType>Account</pageOrSobjectType>
        <recordType>Account.RP_HouseholdAccount</recordType>
        <type>Flexipage</type>
        <profile>Admin</profile>
    </profileActionOverrides>
    <profileActionOverrides>
        <actionName>View</actionName>
        <content>RP_Partner_Contact_Record_Page</content>
        <formFactor>Small</formFactor>
        <pageOrSobjectType>RP_PartnerContacts__c</pageOrSobjectType>
        <recordType>RP_PartnerContacts__c.RP_Partner_Contact</recordType>
        <type>Flexipage</type>
        <profile>Admin</profile>
    </profileActionOverrides>
    <profileActionOverrides>
        <actionName>View</actionName>
        <content>RP_Partner_Contact_Record_Page</content>
        <formFactor>Large</formFactor>
        <pageOrSobjectType>RP_PartnerContacts__c</pageOrSobjectType>
        <recordType>RP_PartnerContacts__c.RP_Partner_Contact</recordType>
        <type>Flexipage</type>
        <profile>Admin</profile>
    </profileActionOverrides>
    <profileActionOverrides>
        <actionName>View</actionName>
        <content>RP_Partner_Contact_Record_Page</content>
        <formFactor>Small</formFactor>
        <pageOrSobjectType>RP_PartnerContacts__c</pageOrSobjectType>
        <recordType>RP_PartnerContacts__c.RP_Partner_Contact</recordType>
        <type>Flexipage</type>
        <profile>RP User</profile>
    </profileActionOverrides>
    <profileActionOverrides>
        <actionName>View</actionName>
        <content>RP_Partner_Contact_Record_Page</content>
        <formFactor>Large</formFactor>
        <pageOrSobjectType>RP_PartnerContacts__c</pageOrSobjectType>
        <recordType>RP_PartnerContacts__c.RP_Partner_Contact</recordType>
        <type>Flexipage</type>
        <profile>RP User</profile>
    </profileActionOverrides>
    <profileActionOverrides>
        <actionName>View</actionName>
        <content>RP_AP_Capf_Record_Page</content>
        <formFactor>Small</formFactor>
        <pageOrSobjectType>RP_CAPF__c</pageOrSobjectType>
        <recordType>RP_CAPF__c.RP_Adult_Protection</recordType>
        <type>Flexipage</type>
        <profile>RP User</profile>
    </profileActionOverrides>
    <profileActionOverrides>
        <actionName>View</actionName>
        <content>RP_AP_Capf_Record_Page</content>
        <formFactor>Large</formFactor>
        <pageOrSobjectType>RP_CAPF__c</pageOrSobjectType>
        <recordType>RP_CAPF__c.RP_Adult_Protection</recordType>
        <type>Flexipage</type>
        <profile>RP User</profile>
    </profileActionOverrides>
    <profileActionOverrides>
        <actionName>View</actionName>
        <content>RP_AP_Capf_Record_Page</content>
        <formFactor>Small</formFactor>
        <pageOrSobjectType>RP_CAPF__c</pageOrSobjectType>
        <recordType>RP_CAPF__c.RP_Adult_Protection</recordType>
        <type>Flexipage</type>
        <profile>Admin</profile>
    </profileActionOverrides>
    <profileActionOverrides>
        <actionName>View</actionName>
        <content>RP_AP_Capf_Record_Page</content>
        <formFactor>Large</formFactor>
        <pageOrSobjectType>RP_CAPF__c</pageOrSobjectType>
        <recordType>RP_CAPF__c.RP_Adult_Protection</recordType>
        <type>Flexipage</type>
        <profile>Admin</profile>
    </profileActionOverrides>
    <profileActionOverrides>
        <actionName>View</actionName>
        <content>RP_Review_Record_Page</content>
        <formFactor>Small</formFactor>
        <pageOrSobjectType>RP_Review__c</pageOrSobjectType>
        <recordType>RP_Review__c.RP_Adult_Protection</recordType>
        <type>Flexipage</type>
        <profile>RP User</profile>
    </profileActionOverrides>
    <profileActionOverrides>
        <actionName>View</actionName>
        <content>RP_Review_Record_Page</content>
        <formFactor>Large</formFactor>
        <pageOrSobjectType>RP_Review__c</pageOrSobjectType>
        <recordType>RP_Review__c.RP_Adult_Protection</recordType>
        <type>Flexipage</type>
        <profile>RP User</profile>
    </profileActionOverrides>
    <profileActionOverrides>
        <actionName>View</actionName>
        <content>RP_Review_Record_Page</content>
        <formFactor>Small</formFactor>
        <pageOrSobjectType>RP_Review__c</pageOrSobjectType>
        <recordType>RP_Review__c.RP_Adult_Protection</recordType>
        <type>Flexipage</type>
        <profile>Admin</profile>
    </profileActionOverrides>
    <profileActionOverrides>
        <actionName>View</actionName>
        <content>RP_Review_Record_Page</content>
        <formFactor>Large</formFactor>
        <pageOrSobjectType>RP_Review__c</pageOrSobjectType>
        <recordType>RP_Review__c.RP_Adult_Protection</recordType>
        <type>Flexipage</type>
        <profile>Admin</profile>
    </profileActionOverrides>
    <profileActionOverrides>
        <actionName>View</actionName>
        <content>RP_Review_Record_Page</content>
        <formFactor>Small</formFactor>
        <pageOrSobjectType>RP_Review__c</pageOrSobjectType>
        <recordType>RP_Review__c.RP_Child_Protection</recordType>
        <type>Flexipage</type>
        <profile>RP User</profile>
    </profileActionOverrides>
    <profileActionOverrides>
        <actionName>View</actionName>
        <content>RP_Review_Record_Page</content>
        <formFactor>Large</formFactor>
        <pageOrSobjectType>RP_Review__c</pageOrSobjectType>
        <recordType>RP_Review__c.RP_Child_Protection</recordType>
        <type>Flexipage</type>
        <profile>RP User</profile>
    </profileActionOverrides>
    <profileActionOverrides>
        <actionName>View</actionName>
        <content>RP_Review_Record_Page</content>
        <formFactor>Small</formFactor>
        <pageOrSobjectType>RP_Review__c</pageOrSobjectType>
        <recordType>RP_Review__c.RP_Child_Protection</recordType>
        <type>Flexipage</type>
        <profile>Admin</profile>
    </profileActionOverrides>
    <profileActionOverrides>
        <actionName>View</actionName>
        <content>RP_Review_Record_Page</content>
        <formFactor>Large</formFactor>
        <pageOrSobjectType>RP_Review__c</pageOrSobjectType>
        <recordType>RP_Review__c.RP_Child_Protection</recordType>
        <type>Flexipage</type>
        <profile>Admin</profile>
    </profileActionOverrides>
    <profileActionOverrides>
        <actionName>View</actionName>
        <content>RP_Case_Participant_Relationship_Record_Page</content>
        <formFactor>Small</formFactor>
        <pageOrSobjectType>RP_CaseParticipantRelationship__c</pageOrSobjectType>
        <recordType>RP_CaseParticipantRelationship__c.RP_Case_Participant_Relationship</recordType>
        <type>Flexipage</type>
        <profile>Admin</profile>
    </profileActionOverrides>
    <profileActionOverrides>
        <actionName>View</actionName>
        <content>RP_Case_Participant_Relationship_Record_Page</content>
        <formFactor>Large</formFactor>
        <pageOrSobjectType>RP_CaseParticipantRelationship__c</pageOrSobjectType>
        <recordType>RP_CaseParticipantRelationship__c.RP_Case_Participant_Relationship</recordType>
        <type>Flexipage</type>
        <profile>Admin</profile>
    </profileActionOverrides>
    <profileActionOverrides>
        <actionName>View</actionName>
        <content>RP_Case_Participant_Relationship_Record_Page</content>
        <formFactor>Small</formFactor>
        <pageOrSobjectType>RP_CaseParticipantRelationship__c</pageOrSobjectType>
        <recordType>RP_CaseParticipantRelationship__c.RP_Case_Participant_Relationship</recordType>
        <type>Flexipage</type>
        <profile>RP User</profile>
    </profileActionOverrides>
    <profileActionOverrides>
        <actionName>View</actionName>
        <content>RP_Case_Participant_Relationship_Record_Page</content>
        <formFactor>Large</formFactor>
        <pageOrSobjectType>RP_CaseParticipantRelationship__c</pageOrSobjectType>
        <recordType>RP_CaseParticipantRelationship__c.RP_Case_Participant_Relationship</recordType>
        <type>Flexipage</type>
        <profile>RP User</profile>
    </profileActionOverrides>
    <profileActionOverrides>
        <actionName>View</actionName>
        <content>RP_Client_Decision_Record_Page</content>
        <formFactor>Small</formFactor>
        <pageOrSobjectType>RP_ClientDecision__c</pageOrSobjectType>
        <recordType>RP_ClientDecision__c.RP_Adult_Protection</recordType>
        <type>Flexipage</type>
        <profile>RP User</profile>
    </profileActionOverrides>
    <profileActionOverrides>
        <actionName>View</actionName>
        <content>RP_Client_Decision_Record_Page</content>
        <formFactor>Large</formFactor>
        <pageOrSobjectType>RP_ClientDecision__c</pageOrSobjectType>
        <recordType>RP_ClientDecision__c.RP_Adult_Protection</recordType>
        <type>Flexipage</type>
        <profile>RP User</profile>
    </profileActionOverrides>
    <profileActionOverrides>
        <actionName>View</actionName>
        <content>RP_Client_Decision_Record_Page</content>
        <formFactor>Small</formFactor>
        <pageOrSobjectType>RP_ClientDecision__c</pageOrSobjectType>
        <recordType>RP_ClientDecision__c.RP_Adult_Protection</recordType>
        <type>Flexipage</type>
        <profile>Admin</profile>
    </profileActionOverrides>
    <profileActionOverrides>
        <actionName>View</actionName>
        <content>RP_Client_Decision_Record_Page</content>
        <formFactor>Large</formFactor>
        <pageOrSobjectType>RP_ClientDecision__c</pageOrSobjectType>
        <recordType>RP_ClientDecision__c.RP_Adult_Protection</recordType>
        <type>Flexipage</type>
        <profile>Admin</profile>
    </profileActionOverrides>
    <profileActionOverrides>
        <actionName>View</actionName>
        <content>RP_Client_Decision_Record_Page</content>
        <formFactor>Small</formFactor>
        <pageOrSobjectType>RP_ClientDecision__c</pageOrSobjectType>
        <recordType>RP_ClientDecision__c.RP_Child_Protection</recordType>
        <type>Flexipage</type>
        <profile>RP User</profile>
    </profileActionOverrides>
    <profileActionOverrides>
        <actionName>View</actionName>
        <content>RP_Client_Decision_Record_Page</content>
        <formFactor>Large</formFactor>
        <pageOrSobjectType>RP_ClientDecision__c</pageOrSobjectType>
        <recordType>RP_ClientDecision__c.RP_Child_Protection</recordType>
        <type>Flexipage</type>
        <profile>RP User</profile>
    </profileActionOverrides>
    <profileActionOverrides>
        <actionName>View</actionName>
        <content>RP_Client_Decision_Record_Page</content>
        <formFactor>Small</formFactor>
        <pageOrSobjectType>RP_ClientDecision__c</pageOrSobjectType>
        <recordType>RP_ClientDecision__c.RP_Child_Protection</recordType>
        <type>Flexipage</type>
        <profile>Admin</profile>
    </profileActionOverrides>
    <profileActionOverrides>
        <actionName>View</actionName>
        <content>RP_Client_Decision_Record_Page</content>
        <formFactor>Large</formFactor>
        <pageOrSobjectType>RP_ClientDecision__c</pageOrSobjectType>
        <recordType>RP_ClientDecision__c.RP_Child_Protection</recordType>
        <type>Flexipage</type>
        <profile>Admin</profile>
    </profileActionOverrides>
    <profileActionOverrides>
        <actionName>View</actionName>
        <content>RP_Case_Participant_Record_Page</content>
        <formFactor>Small</formFactor>
        <pageOrSobjectType>CaseParticipant</pageOrSobjectType>
        <recordType>CaseParticipant.RP_Child_Protection</recordType>
        <type>Flexipage</type>
        <profile>Admin</profile>
    </profileActionOverrides>
    <profileActionOverrides>
        <actionName>View</actionName>
        <content>RP_Case_Participant_Record_Page</content>
        <formFactor>Large</formFactor>
        <pageOrSobjectType>CaseParticipant</pageOrSobjectType>
        <recordType>CaseParticipant.RP_Child_Protection</recordType>
        <type>Flexipage</type>
        <profile>Admin</profile>
    </profileActionOverrides>
    <profileActionOverrides>
        <actionName>View</actionName>
        <content>RP_Case_Participant_Record_Page</content>
        <formFactor>Small</formFactor>
        <pageOrSobjectType>CaseParticipant</pageOrSobjectType>
        <recordType>CaseParticipant.RP_Child_Protection</recordType>
        <type>Flexipage</type>
        <profile>RP User</profile>
    </profileActionOverrides>
    <profileActionOverrides>
        <actionName>View</actionName>
        <content>RP_Case_Participant_Record_Page</content>
        <formFactor>Large</formFactor>
        <pageOrSobjectType>CaseParticipant</pageOrSobjectType>
        <recordType>CaseParticipant.RP_Child_Protection</recordType>
        <type>Flexipage</type>
        <profile>RP User</profile>
    </profileActionOverrides>
    <profileActionOverrides>
        <actionName>View</actionName>
        <content>RP_Case_Participant_Record_Page</content>
        <formFactor>Small</formFactor>
        <pageOrSobjectType>CaseParticipant</pageOrSobjectType>
        <recordType>CaseParticipant.RP_Adult_Protection</recordType>
        <type>Flexipage</type>
        <profile>RP User</profile>
    </profileActionOverrides>
    <profileActionOverrides>
        <actionName>View</actionName>
        <content>RP_Case_Participant_Record_Page</content>
        <formFactor>Large</formFactor>
        <pageOrSobjectType>CaseParticipant</pageOrSobjectType>
        <recordType>CaseParticipant.RP_Adult_Protection</recordType>
        <type>Flexipage</type>
        <profile>RP User</profile>
    </profileActionOverrides>
    <profileActionOverrides>
        <actionName>View</actionName>
        <content>RP_Case_Participant_Record_Page</content>
        <formFactor>Small</formFactor>
        <pageOrSobjectType>CaseParticipant</pageOrSobjectType>
        <recordType>CaseParticipant.RP_Adult_Protection</recordType>
        <type>Flexipage</type>
        <profile>Admin</profile>
    </profileActionOverrides>
    <profileActionOverrides>
        <actionName>View</actionName>
        <content>RP_Case_Participant_Record_Page</content>
        <formFactor>Large</formFactor>
        <pageOrSobjectType>CaseParticipant</pageOrSobjectType>
        <recordType>CaseParticipant.RP_Adult_Protection</recordType>
        <type>Flexipage</type>
        <profile>Admin</profile>
    </profileActionOverrides>
    <profileActionOverrides>
        <actionName>View</actionName>
        <content>RP_Case_Assignment_Record_Page</content>
        <formFactor>Large</formFactor>
        <pageOrSobjectType>RP_CaseAssignment__c</pageOrSobjectType>
        <recordType>RP_CaseAssignment__c.RP_Case_Assignment</recordType>
        <type>Flexipage</type>
        <profile>Admin</profile>
    </profileActionOverrides>
    <profileActionOverrides>
        <actionName>View</actionName>
        <content>RP_Case_Assignment_Record_Page</content>
        <formFactor>Small</formFactor>
        <pageOrSobjectType>RP_CaseAssignment__c</pageOrSobjectType>
        <recordType>RP_CaseAssignment__c.RP_Case_Assignment</recordType>
        <type>Flexipage</type>
        <profile>Admin</profile>
    </profileActionOverrides>
    <profileActionOverrides>
        <actionName>View</actionName>
        <content>RP_Case_Assignment_Record_Page</content>
        <formFactor>Large</formFactor>
        <pageOrSobjectType>RP_CaseAssignment__c</pageOrSobjectType>
        <recordType>RP_CaseAssignment__c.RP_Case_Assignment</recordType>
        <type>Flexipage</type>
        <profile>RP User</profile>
    </profileActionOverrides>
    <profileActionOverrides>
        <actionName>View</actionName>
        <content>RP_Case_Assignment_Record_Page</content>
        <formFactor>Small</formFactor>
        <pageOrSobjectType>RP_CaseAssignment__c</pageOrSobjectType>
        <recordType>RP_CaseAssignment__c.RP_Case_Assignment</recordType>
        <type>Flexipage</type>
        <profile>RP User</profile>
    </profileActionOverrides>
    <profileActionOverrides>
        <actionName>View</actionName>
        <content>RP_Case_Record_Page</content>
        <formFactor>Small</formFactor>
        <pageOrSobjectType>Case</pageOrSobjectType>
        <recordType>Case.RP_Adult_Protection</recordType>
        <type>Flexipage</type>
        <profile>Admin</profile>
    </profileActionOverrides>
    <profileActionOverrides>
        <actionName>View</actionName>
        <content>RP_Case_Record_Page</content>
        <formFactor>Large</formFactor>
        <pageOrSobjectType>Case</pageOrSobjectType>
        <recordType>Case.RP_Adult_Protection</recordType>
        <type>Flexipage</type>
        <profile>Admin</profile>
    </profileActionOverrides>
    <profileActionOverrides>
        <actionName>View</actionName>
        <content>RP_Case_Record_Page</content>
        <formFactor>Small</formFactor>
        <pageOrSobjectType>Case</pageOrSobjectType>
        <recordType>Case.RP_Adult_Protection</recordType>
        <type>Flexipage</type>
        <profile>RP User</profile>
    </profileActionOverrides>
    <profileActionOverrides>
        <actionName>View</actionName>
        <content>RP_Case_Record_Page</content>
        <formFactor>Large</formFactor>
        <pageOrSobjectType>Case</pageOrSobjectType>
        <recordType>Case.RP_Adult_Protection</recordType>
        <type>Flexipage</type>
        <profile>RP User</profile>
    </profileActionOverrides>
    <profileActionOverrides>
        <actionName>View</actionName>
        <content>RP_Case_Record_Page</content>
        <formFactor>Small</formFactor>
        <pageOrSobjectType>Case</pageOrSobjectType>
        <recordType>Case.RP_Child_Protection</recordType>
        <type>Flexipage</type>
        <profile>Admin</profile>
    </profileActionOverrides>
    <profileActionOverrides>
        <actionName>View</actionName>
        <content>RP_Case_Record_Page</content>
        <formFactor>Large</formFactor>
        <pageOrSobjectType>Case</pageOrSobjectType>
        <recordType>Case.RP_Child_Protection</recordType>
        <type>Flexipage</type>
        <profile>Admin</profile>
    </profileActionOverrides>
    <profileActionOverrides>
        <actionName>View</actionName>
        <content>RP_Case_Record_Page</content>
        <formFactor>Small</formFactor>
        <pageOrSobjectType>Case</pageOrSobjectType>
        <recordType>Case.RP_Child_Protection</recordType>
        <type>Flexipage</type>
        <profile>RP User</profile>
    </profileActionOverrides>
    <profileActionOverrides>
        <actionName>View</actionName>
        <content>RP_Case_Record_Page</content>
        <formFactor>Large</formFactor>
        <pageOrSobjectType>Case</pageOrSobjectType>
        <recordType>Case.RP_Child_Protection</recordType>
        <type>Flexipage</type>
        <profile>RP User</profile>
    </profileActionOverrides>
    <profileActionOverrides>
        <actionName>View</actionName>
        <content>RP_Decision_Client_Record_Page</content>
        <formFactor>Small</formFactor>
        <pageOrSobjectType>RP_DecisionClient__c</pageOrSobjectType>
        <type>Flexipage</type>
        <profile>RP User</profile>
    </profileActionOverrides>
    <profileActionOverrides>
        <actionName>View</actionName>
        <content>RP_Decision_Client_Record_Page</content>
        <formFactor>Large</formFactor>
        <pageOrSobjectType>RP_DecisionClient__c</pageOrSobjectType>
        <type>Flexipage</type>
        <profile>RP User</profile>
    </profileActionOverrides>
    <profileActionOverrides>
        <actionName>View</actionName>
        <content>RP_Decision_Client_Record_Page</content>
        <formFactor>Small</formFactor>
        <pageOrSobjectType>RP_DecisionClient__c</pageOrSobjectType>
        <type>Flexipage</type>
        <profile>Admin</profile>
    </profileActionOverrides>
    <profileActionOverrides>
        <actionName>View</actionName>
        <content>RP_Decision_Client_Record_Page</content>
        <formFactor>Large</formFactor>
        <pageOrSobjectType>RP_DecisionClient__c</pageOrSobjectType>
        <type>Flexipage</type>
        <profile>Admin</profile>
    </profileActionOverrides>
    <profileActionOverrides>
        <actionName>View</actionName>
        <content>RP_Review_Clients_Record_Page</content>
        <formFactor>Small</formFactor>
        <pageOrSobjectType>RP_ReviewClients__c</pageOrSobjectType>
        <recordType>RP_ReviewClients__c.RP_Review_Clients</recordType>
        <type>Flexipage</type>
        <profile>RP User</profile>
    </profileActionOverrides>
    <profileActionOverrides>
        <actionName>View</actionName>
        <content>RP_Review_Clients_Record_Page</content>
        <formFactor>Large</formFactor>
        <pageOrSobjectType>RP_ReviewClients__c</pageOrSobjectType>
        <recordType>RP_ReviewClients__c.RP_Review_Clients</recordType>
        <type>Flexipage</type>
        <profile>RP User</profile>
    </profileActionOverrides>
    <profileActionOverrides>
        <actionName>View</actionName>
        <content>RP_Review_Clients_Record_Page</content>
        <formFactor>Small</formFactor>
        <pageOrSobjectType>RP_ReviewClients__c</pageOrSobjectType>
        <recordType>RP_ReviewClients__c.RP_Review_Clients</recordType>
        <type>Flexipage</type>
        <profile>Admin</profile>
    </profileActionOverrides>
    <profileActionOverrides>
        <actionName>View</actionName>
        <content>RP_Review_Clients_Record_Page</content>
        <formFactor>Large</formFactor>
        <pageOrSobjectType>RP_ReviewClients__c</pageOrSobjectType>
        <recordType>RP_ReviewClients__c.RP_Review_Clients</recordType>
        <type>Flexipage</type>
        <profile>Admin</profile>
    </profileActionOverrides>
    <profileActionOverrides>
        <actionName>View</actionName>
        <content>RP_Interaction_Summary_Record_Page</content>
        <formFactor>Small</formFactor>
        <pageOrSobjectType>InteractionSummary</pageOrSobjectType>
        <type>Flexipage</type>
        <profile>RP User</profile>
    </profileActionOverrides>
    <profileActionOverrides>
        <actionName>View</actionName>
        <content>RP_Interaction_Summary_Record_Page</content>
        <formFactor>Large</formFactor>
        <pageOrSobjectType>InteractionSummary</pageOrSobjectType>
        <type>Flexipage</type>
        <profile>RP User</profile>
    </profileActionOverrides>
    <profileActionOverrides>
        <actionName>View</actionName>
        <content>RP_Interaction_Summary_Record_Page</content>
        <formFactor>Small</formFactor>
        <pageOrSobjectType>InteractionSummary</pageOrSobjectType>
        <type>Flexipage</type>
        <profile>Admin</profile>
    </profileActionOverrides>
    <profileActionOverrides>
        <actionName>View</actionName>
        <content>RP_Interaction_Summary_Record_Page</content>
        <formFactor>Large</formFactor>
        <pageOrSobjectType>InteractionSummary</pageOrSobjectType>
        <type>Flexipage</type>
        <profile>Admin</profile>
    </profileActionOverrides>
    <profileActionOverrides>
        <actionName>View</actionName>
        <content>RP_Case_Overview_Record_Page</content>
        <formFactor>Small</formFactor>
        <pageOrSobjectType>RP_CaseOverview__c</pageOrSobjectType>
        <recordType>RP_CaseOverview__c.RP_Case_Overview</recordType>
        <type>Flexipage</type>
        <profile>RP User</profile>
    </profileActionOverrides>
    <profileActionOverrides>
        <actionName>View</actionName>
        <content>RP_Case_Overview_Record_Page</content>
        <formFactor>Large</formFactor>
        <pageOrSobjectType>RP_CaseOverview__c</pageOrSobjectType>
        <recordType>RP_CaseOverview__c.RP_Case_Overview</recordType>
        <type>Flexipage</type>
        <profile>RP User</profile>
    </profileActionOverrides>
    <profileActionOverrides>
        <actionName>View</actionName>
        <content>RP_Case_Overview_Record_Page</content>
        <formFactor>Small</formFactor>
        <pageOrSobjectType>RP_CaseOverview__c</pageOrSobjectType>
        <recordType>RP_CaseOverview__c.RP_Case_Overview</recordType>
        <type>Flexipage</type>
        <profile>Admin</profile>
    </profileActionOverrides>
    <profileActionOverrides>
        <actionName>View</actionName>
        <content>RP_Case_Overview_Record_Page</content>
        <formFactor>Large</formFactor>
        <pageOrSobjectType>RP_CaseOverview__c</pageOrSobjectType>
        <recordType>RP_CaseOverview__c.RP_Case_Overview</recordType>
        <type>Flexipage</type>
        <profile>Admin</profile>
    </profileActionOverrides>
    <profileActionOverrides>
        <actionName>View</actionName>
        <content>RP_Public_Complaint_Overview_Record_Page</content>
        <formFactor>Small</formFactor>
        <pageOrSobjectType>RP_PublicComplaintOverview__c</pageOrSobjectType>
        <recordType>RP_PublicComplaintOverview__c.RP_Public_Complaint_Overview</recordType>
        <type>Flexipage</type>
        <profile>RP User</profile>
    </profileActionOverrides>
    <profileActionOverrides>
        <actionName>View</actionName>
        <content>RP_Public_Complaint_Overview_Record_Page</content>
        <formFactor>Large</formFactor>
        <pageOrSobjectType>RP_PublicComplaintOverview__c</pageOrSobjectType>
        <recordType>RP_PublicComplaintOverview__c.RP_Public_Complaint_Overview</recordType>
        <type>Flexipage</type>
        <profile>RP User</profile>
    </profileActionOverrides>
    <profileActionOverrides>
        <actionName>View</actionName>
        <content>RP_Public_Complaint_Overview_Record_Page</content>
        <formFactor>Small</formFactor>
        <pageOrSobjectType>RP_PublicComplaintOverview__c</pageOrSobjectType>
        <recordType>RP_PublicComplaintOverview__c.RP_Public_Complaint_Overview</recordType>
        <type>Flexipage</type>
        <profile>Admin</profile>
    </profileActionOverrides>
    <profileActionOverrides>
        <actionName>View</actionName>
        <content>RP_Public_Complaint_Overview_Record_Page</content>
        <formFactor>Large</formFactor>
        <pageOrSobjectType>RP_PublicComplaintOverview__c</pageOrSobjectType>
        <recordType>RP_PublicComplaintOverview__c.RP_Public_Complaint_Overview</recordType>
        <type>Flexipage</type>
        <profile>Admin</profile>
    </profileActionOverrides>
    <profileActionOverrides>
        <actionName>View</actionName>
        <content>RP_Complaint_Overview_Participant_Record_Page</content>
        <formFactor>Small</formFactor>
        <pageOrSobjectType>RP_ComplaintOverviewParticipant__c</pageOrSobjectType>
        <recordType>RP_ComplaintOverviewParticipant__c.RP_Complaint_Overview_Participant</recordType>
        <type>Flexipage</type>
        <profile>Admin</profile>
    </profileActionOverrides>
    <profileActionOverrides>
        <actionName>View</actionName>
        <content>RP_Complaint_Overview_Participant_Record_Page</content>
        <formFactor>Large</formFactor>
        <pageOrSobjectType>RP_ComplaintOverviewParticipant__c</pageOrSobjectType>
        <recordType>RP_ComplaintOverviewParticipant__c.RP_Complaint_Overview_Participant</recordType>
        <type>Flexipage</type>
        <profile>Admin</profile>
    </profileActionOverrides>
    <profileActionOverrides>
        <actionName>View</actionName>
        <content>RP_Complaint_Overview_Participant_Record_Page</content>
        <formFactor>Small</formFactor>
        <pageOrSobjectType>RP_ComplaintOverviewParticipant__c</pageOrSobjectType>
        <recordType>RP_ComplaintOverviewParticipant__c.RP_Complaint_Overview_Participant</recordType>
        <type>Flexipage</type>
        <profile>RP User</profile>
    </profileActionOverrides>
    <profileActionOverrides>
        <actionName>View</actionName>
        <content>RP_Complaint_Overview_Participant_Record_Page</content>
        <formFactor>Large</formFactor>
        <pageOrSobjectType>RP_ComplaintOverviewParticipant__c</pageOrSobjectType>
        <recordType>RP_ComplaintOverviewParticipant__c.RP_Complaint_Overview_Participant</recordType>
        <type>Flexipage</type>
        <profile>RP User</profile>
    </profileActionOverrides>
    <profileActionOverrides>
        <actionName>View</actionName>
        <content>RP_Complaint_Overview_Case_Record_Page</content>
        <formFactor>Small</formFactor>
        <pageOrSobjectType>RP_ComplaintOverviewCase__c</pageOrSobjectType>
        <recordType>RP_ComplaintOverviewCase__c.RP_Complaint_Overview_Case</recordType>
        <type>Flexipage</type>
        <profile>RP User</profile>
    </profileActionOverrides>
    <profileActionOverrides>
        <actionName>View</actionName>
        <content>RP_Complaint_Overview_Case_Record_Page</content>
        <formFactor>Large</formFactor>
        <pageOrSobjectType>RP_ComplaintOverviewCase__c</pageOrSobjectType>
        <recordType>RP_ComplaintOverviewCase__c.RP_Complaint_Overview_Case</recordType>
        <type>Flexipage</type>
        <profile>RP User</profile>
    </profileActionOverrides>
    <profileActionOverrides>
        <actionName>View</actionName>
        <content>RP_Complaint_Overview_Case_Record_Page</content>
        <formFactor>Small</formFactor>
        <pageOrSobjectType>RP_ComplaintOverviewCase__c</pageOrSobjectType>
        <recordType>RP_ComplaintOverviewCase__c.RP_Complaint_Overview_Case</recordType>
        <type>Flexipage</type>
        <profile>Admin</profile>
    </profileActionOverrides>
    <profileActionOverrides>
        <actionName>View</actionName>
        <content>RP_Complaint_Overview_Case_Record_Page</content>
        <formFactor>Large</formFactor>
        <pageOrSobjectType>RP_ComplaintOverviewCase__c</pageOrSobjectType>
        <recordType>RP_ComplaintOverviewCase__c.RP_Complaint_Overview_Case</recordType>
        <type>Flexipage</type>
        <profile>Admin</profile>
    </profileActionOverrides>
    <profileActionOverrides>
        <actionName>View</actionName>
        <content>RP_Judicial_Document_Record_Page</content>
        <formFactor>Small</formFactor>
        <pageOrSobjectType>RP_JudicialDocument__c</pageOrSobjectType>
        <recordType>RP_JudicialDocument__c.RP_Adult_Protection</recordType>
        <type>Flexipage</type>
        <profile>RP User</profile>
    </profileActionOverrides>
    <profileActionOverrides>
        <actionName>View</actionName>
        <content>RP_Judicial_Document_Record_Page</content>
        <formFactor>Large</formFactor>
        <pageOrSobjectType>RP_JudicialDocument__c</pageOrSobjectType>
        <recordType>RP_JudicialDocument__c.RP_Adult_Protection</recordType>
        <type>Flexipage</type>
        <profile>RP User</profile>
    </profileActionOverrides>
    <profileActionOverrides>
        <actionName>View</actionName>
        <content>RP_Judicial_Document_Record_Page</content>
        <formFactor>Small</formFactor>
        <pageOrSobjectType>RP_JudicialDocument__c</pageOrSobjectType>
        <recordType>RP_JudicialDocument__c.RP_Adult_Protection</recordType>
        <type>Flexipage</type>
        <profile>Admin</profile>
    </profileActionOverrides>
    <profileActionOverrides>
        <actionName>View</actionName>
        <content>RP_Judicial_Document_Record_Page</content>
        <formFactor>Large</formFactor>
        <pageOrSobjectType>RP_JudicialDocument__c</pageOrSobjectType>
        <recordType>RP_JudicialDocument__c.RP_Adult_Protection</recordType>
        <type>Flexipage</type>
        <profile>Admin</profile>
    </profileActionOverrides>
    <profileActionOverrides>
        <actionName>View</actionName>
        <content>RP_Judicial_Document_Record_Page</content>
        <formFactor>Small</formFactor>
        <pageOrSobjectType>RP_JudicialDocument__c</pageOrSobjectType>
        <recordType>RP_JudicialDocument__c.RP_Child_Protection</recordType>
        <type>Flexipage</type>
        <profile>RP User</profile>
    </profileActionOverrides>
    <profileActionOverrides>
        <actionName>View</actionName>
        <content>RP_Judicial_Document_Record_Page</content>
        <formFactor>Large</formFactor>
        <pageOrSobjectType>RP_JudicialDocument__c</pageOrSobjectType>
        <recordType>RP_JudicialDocument__c.RP_Child_Protection</recordType>
        <type>Flexipage</type>
        <profile>RP User</profile>
    </profileActionOverrides>
    <profileActionOverrides>
        <actionName>View</actionName>
        <content>RP_Judicial_Document_Record_Page</content>
        <formFactor>Small</formFactor>
        <pageOrSobjectType>RP_JudicialDocument__c</pageOrSobjectType>
        <recordType>RP_JudicialDocument__c.RP_Child_Protection</recordType>
        <type>Flexipage</type>
        <profile>Admin</profile>
    </profileActionOverrides>
    <profileActionOverrides>
        <actionName>View</actionName>
        <content>RP_Judicial_Document_Record_Page</content>
        <formFactor>Large</formFactor>
        <pageOrSobjectType>RP_JudicialDocument__c</pageOrSobjectType>
        <recordType>RP_JudicialDocument__c.RP_Child_Protection</recordType>
        <type>Flexipage</type>
        <profile>Admin</profile>
    </profileActionOverrides>
    <profileActionOverrides>
        <actionName>Tab</actionName>
        <content>RP_Home_Page</content>
        <formFactor>Large</formFactor>
        <pageOrSobjectType>standard-home</pageOrSobjectType>
        <type>Flexipage</type>
        <profile>RP User</profile>
    </profileActionOverrides>
    <profileActionOverrides>
        <actionName>Tab</actionName>
        <content>RP_Home_Page</content>
        <formFactor>Large</formFactor>
        <pageOrSobjectType>standard-home</pageOrSobjectType>
        <type>Flexipage</type>
        <profile>Admin</profile>
    </profileActionOverrides>
    <profileActionOverrides>
        <actionName>View</actionName>
        <content>RP_CP_Capf_Record_Page</content>
        <formFactor>Small</formFactor>
        <pageOrSobjectType>RP_CAPF__c</pageOrSobjectType>
        <recordType>RP_CAPF__c.RP_Child_Protection</recordType>
        <type>Flexipage</type>
        <profile>RP User</profile>
    </profileActionOverrides>
    <profileActionOverrides>
        <actionName>View</actionName>
        <content>RP_CP_Capf_Record_Page</content>
        <formFactor>Large</formFactor>
        <pageOrSobjectType>RP_CAPF__c</pageOrSobjectType>
        <recordType>RP_CAPF__c.RP_Child_Protection</recordType>
        <type>Flexipage</type>
        <profile>RP User</profile>
    </profileActionOverrides>
    <profileActionOverrides>
        <actionName>View</actionName>
        <content>RP_Case_Proceeding_Record_Page</content>
        <formFactor>Small</formFactor>
        <pageOrSobjectType>CaseProceeding</pageOrSobjectType>
        <recordType>CaseProceeding.RP_Case_Proceeding</recordType>
        <type>Flexipage</type>
        <profile>Admin</profile>
    </profileActionOverrides>
    <profileActionOverrides>
        <actionName>View</actionName>
        <content>RP_Case_Proceeding_Record_Page</content>
        <formFactor>Large</formFactor>
        <pageOrSobjectType>CaseProceeding</pageOrSobjectType>
        <recordType>CaseProceeding.RP_Case_Proceeding</recordType>
        <type>Flexipage</type>
        <profile>Admin</profile>
    </profileActionOverrides>
    <profileActionOverrides>
        <actionName>View</actionName>
        <content>RP_Case_Proceeding_Record_Page</content>
        <formFactor>Small</formFactor>
        <pageOrSobjectType>CaseProceeding</pageOrSobjectType>
        <recordType>CaseProceeding.RP_Case_Proceeding</recordType>
        <type>Flexipage</type>
        <profile>RP User</profile>
    </profileActionOverrides>
    <profileActionOverrides>
        <actionName>View</actionName>
        <content>RP_Case_Proceeding_Record_Page</content>
        <formFactor>Large</formFactor>
        <pageOrSobjectType>CaseProceeding</pageOrSobjectType>
        <recordType>CaseProceeding.RP_Case_Proceeding</recordType>
        <type>Flexipage</type>
        <profile>RP User</profile>
    </profileActionOverrides>
    <profileActionOverrides>
        <actionName>View</actionName>
        <content>RP_Case_Proceeding_Result_Record_Page</content>
        <formFactor>Small</formFactor>
        <pageOrSobjectType>CaseProceedingResult</pageOrSobjectType>
        <recordType>CaseProceedingResult.RP_Case_Proceeding_Result</recordType>
        <type>Flexipage</type>
        <profile>RP User</profile>
    </profileActionOverrides>
    <profileActionOverrides>
        <actionName>View</actionName>
        <content>RP_Case_Proceeding_Result_Record_Page</content>
        <formFactor>Large</formFactor>
        <pageOrSobjectType>CaseProceedingResult</pageOrSobjectType>
        <recordType>CaseProceedingResult.RP_Case_Proceeding_Result</recordType>
        <type>Flexipage</type>
        <profile>RP User</profile>
    </profileActionOverrides>
    <profileActionOverrides>
        <actionName>View</actionName>
        <content>RP_Case_Proceeding_Result_Record_Page</content>
        <formFactor>Small</formFactor>
        <pageOrSobjectType>CaseProceedingResult</pageOrSobjectType>
        <recordType>CaseProceedingResult.RP_Case_Proceeding_Result</recordType>
        <type>Flexipage</type>
        <profile>Admin</profile>
    </profileActionOverrides>
    <profileActionOverrides>
        <actionName>View</actionName>
        <content>RP_Case_Proceeding_Result_Record_Page</content>
        <formFactor>Large</formFactor>
        <pageOrSobjectType>CaseProceedingResult</pageOrSobjectType>
        <recordType>CaseProceedingResult.RP_Case_Proceeding_Result</recordType>
        <type>Flexipage</type>
        <profile>Admin</profile>
    </profileActionOverrides>
    <profileActionOverrides>
        <actionName>View</actionName>
        <content>RP_Public_Complaint_Record_Page</content>
        <formFactor>Small</formFactor>
        <pageOrSobjectType>PublicComplaint</pageOrSobjectType>
        <recordType>PublicComplaint.RP_Adult_Protection</recordType>
        <type>Flexipage</type>
        <profile>RP User</profile>
    </profileActionOverrides>
    <profileActionOverrides>
        <actionName>View</actionName>
        <content>RP_Public_Complaint_Record_Page</content>
        <formFactor>Large</formFactor>
        <pageOrSobjectType>PublicComplaint</pageOrSobjectType>
        <recordType>PublicComplaint.RP_Adult_Protection</recordType>
        <type>Flexipage</type>
        <profile>RP User</profile>
    </profileActionOverrides>
    <profileActionOverrides>
        <actionName>View</actionName>
        <content>RP_Public_Complaint_Record_Page</content>
        <formFactor>Small</formFactor>
        <pageOrSobjectType>PublicComplaint</pageOrSobjectType>
        <recordType>PublicComplaint.RP_Adult_Protection</recordType>
        <type>Flexipage</type>
        <profile>Admin</profile>
    </profileActionOverrides>
    <profileActionOverrides>
        <actionName>View</actionName>
        <content>RP_Public_Complaint_Record_Page</content>
        <formFactor>Large</formFactor>
        <pageOrSobjectType>PublicComplaint</pageOrSobjectType>
        <recordType>PublicComplaint.RP_Adult_Protection</recordType>
        <type>Flexipage</type>
        <profile>Admin</profile>
    </profileActionOverrides>
    <profileActionOverrides>
        <actionName>View</actionName>
        <content>RP_Public_Complaint_Record_Page</content>
        <formFactor>Small</formFactor>
        <pageOrSobjectType>PublicComplaint</pageOrSobjectType>
        <recordType>PublicComplaint.RP_Child_Protection</recordType>
        <type>Flexipage</type>
        <profile>RP User</profile>
    </profileActionOverrides>
    <profileActionOverrides>
        <actionName>View</actionName>
        <content>RP_Public_Complaint_Record_Page</content>
        <formFactor>Large</formFactor>
        <pageOrSobjectType>PublicComplaint</pageOrSobjectType>
        <recordType>PublicComplaint.RP_Child_Protection</recordType>
        <type>Flexipage</type>
        <profile>RP User</profile>
    </profileActionOverrides>
    <profileActionOverrides>
        <actionName>View</actionName>
        <content>RP_Public_Complaint_Record_Page</content>
        <formFactor>Small</formFactor>
        <pageOrSobjectType>PublicComplaint</pageOrSobjectType>
        <recordType>PublicComplaint.RP_Child_Protection</recordType>
        <type>Flexipage</type>
        <profile>Admin</profile>
    </profileActionOverrides>
    <profileActionOverrides>
        <actionName>View</actionName>
        <content>RP_Public_Complaint_Record_Page</content>
        <formFactor>Large</formFactor>
        <pageOrSobjectType>PublicComplaint</pageOrSobjectType>
        <recordType>PublicComplaint.RP_Child_Protection</recordType>
        <type>Flexipage</type>
        <profile>Admin</profile>
    </profileActionOverrides>
    <profileActionOverrides>
        <actionName>View</actionName>
        <content>RP_Complaint_Participant_Record_Page</content>
        <formFactor>Small</formFactor>
        <pageOrSobjectType>ComplaintParticipant</pageOrSobjectType>
        <recordType>ComplaintParticipant.RP_Complaint_Participant</recordType>
        <type>Flexipage</type>
        <profile>RP User</profile>
    </profileActionOverrides>
    <profileActionOverrides>
        <actionName>View</actionName>
        <content>RP_Complaint_Participant_Record_Page</content>
        <formFactor>Large</formFactor>
        <pageOrSobjectType>ComplaintParticipant</pageOrSobjectType>
        <recordType>ComplaintParticipant.RP_Complaint_Participant</recordType>
        <type>Flexipage</type>
        <profile>RP User</profile>
    </profileActionOverrides>
    <profileActionOverrides>
        <actionName>View</actionName>
        <content>RP_Complaint_Participant_Record_Page</content>
        <formFactor>Small</formFactor>
        <pageOrSobjectType>ComplaintParticipant</pageOrSobjectType>
        <recordType>ComplaintParticipant.RP_Complaint_Participant</recordType>
        <type>Flexipage</type>
        <profile>Admin</profile>
    </profileActionOverrides>
    <profileActionOverrides>
        <actionName>View</actionName>
        <content>RP_Complaint_Participant_Record_Page</content>
        <formFactor>Large</formFactor>
        <pageOrSobjectType>ComplaintParticipant</pageOrSobjectType>
        <recordType>ComplaintParticipant.RP_Complaint_Participant</recordType>
        <type>Flexipage</type>
        <profile>Admin</profile>
    </profileActionOverrides>
    <!-- <profileActionOverrides>
        <actionName>View</actionName>
        <content>RP_Address_Record_Page</content>
        <formFactor>Small</formFactor>
        <pageOrSobjectType>RP_Address__c</pageOrSobjectType>
        <type>Flexipage</type>
        <profile>Admin</profile>
    </profileActionOverrides>
    <profileActionOverrides>
        <actionName>View</actionName>
        <content>RP_Address_Record_Page</content>
        <formFactor>Large</formFactor>
        <pageOrSobjectType>RP_Address__c</pageOrSobjectType>
        <type>Flexipage</type>
        <profile>Admin</profile>
    </profileActionOverrides>
    <profileActionOverrides>
        <actionName>View</actionName>
        <content>RP_Address_Record_Page</content>
        <formFactor>Small</formFactor>
        <pageOrSobjectType>RP_Address__c</pageOrSobjectType>
        <type>Flexipage</type>
        <profile>RP User</profile>
    </profileActionOverrides>
    <profileActionOverrides>
        <actionName>View</actionName>
        <content>RP_Address_Record_Page</content>
        <formFactor>Large</formFactor>
        <pageOrSobjectType>RP_Address__c</pageOrSobjectType>
        <type>Flexipage</type>
        <profile>RP User</profile>
    </profileActionOverrides> -->
    <!-- <profileActionOverrides>
        <actionName>View</actionName>
        <content>RP_Address_Record_Page</content>
        <formFactor>Small</formFactor>
        <pageOrSobjectType>RP_Address__c</pageOrSobjectType>
        <recordType>RP_Address__c.RP_Address</recordType>
        <type>Flexipage</type>
        <profile>RP User</profile>
    </profileActionOverrides>
    <profileActionOverrides>
        <actionName>View</actionName>
        <content>RP_Address_Record_Page</content>
        <formFactor>Large</formFactor>
        <pageOrSobjectType>RP_Address__c</pageOrSobjectType>
        <recordType>RP_Address__c.RP_Address</recordType>
        <type>Flexipage</type>
        <profile>RP User</profile>
    </profileActionOverrides>
    <profileActionOverrides>
        <actionName>View</actionName>
        <content>RP_Address_Record_Page</content>
        <formFactor>Small</formFactor>
        <pageOrSobjectType>RP_Address__c</pageOrSobjectType>
        <recordType>RP_Address__c.RP_Address</recordType>
        <type>Flexipage</type>
        <profile>Admin</profile>
    </profileActionOverrides>
    <profileActionOverrides>
        <actionName>View</actionName>
        <content>RP_Address_Record_Page</content>
        <formFactor>Large</formFactor>
        <pageOrSobjectType>RP_Address__c</pageOrSobjectType>
        <recordType>RP_Address__c.RP_Address</recordType>
        <type>Flexipage</type>
        <profile>Admin</profile>
    </profileActionOverrides> -->
    <profileActionOverrides>
        <actionName>View</actionName>
        <content>RP_User_Record_Page</content>
        <formFactor>Small</formFactor>
        <pageOrSobjectType>User</pageOrSobjectType>
        <type>Flexipage</type>
        <profile>RP User</profile>
    </profileActionOverrides>
    <profileActionOverrides>
        <actionName>View</actionName>
        <content>RP_User_Record_Page</content>
        <formFactor>Large</formFactor>
        <pageOrSobjectType>User</pageOrSobjectType>
        <type>Flexipage</type>
        <profile>RP User</profile>
    </profileActionOverrides>
    <profileActionOverrides>
        <actionName>View</actionName>
        <content>RP_User_Record_Page</content>
        <formFactor>Small</formFactor>
        <pageOrSobjectType>User</pageOrSobjectType>
        <type>Flexipage</type>
        <profile>Admin</profile>
    </profileActionOverrides>
    <profileActionOverrides>
        <actionName>View</actionName>
        <content>RP_User_Record_Page</content>
        <formFactor>Large</formFactor>
        <pageOrSobjectType>User</pageOrSobjectType>
        <type>Flexipage</type>
        <profile>Admin</profile>
    </profileActionOverrides>
    <profileActionOverrides>
        <actionName>View</actionName>
        <content>RP_Placement_Record_Page</content>
        <formFactor>Small</formFactor>
        <pageOrSobjectType>RP_Placement__c</pageOrSobjectType>
        <recordType>RP_Placement__c.RP_Placement</recordType>
        <type>Flexipage</type>
        <profile>RP User</profile>
    </profileActionOverrides>
    <profileActionOverrides>
        <actionName>View</actionName>
        <content>RP_Placement_Record_Page</content>
        <formFactor>Large</formFactor>
        <pageOrSobjectType>RP_Placement__c</pageOrSobjectType>
        <recordType>RP_Placement__c.RP_Placement</recordType>
        <type>Flexipage</type>
        <profile>RP User</profile>
    </profileActionOverrides>
    <profileActionOverrides>
        <actionName>View</actionName>
        <content>RP_Placement_Record_Page</content>
        <formFactor>Small</formFactor>
        <pageOrSobjectType>RP_Placement__c</pageOrSobjectType>
        <recordType>RP_Placement__c.RP_Placement</recordType>
        <type>Flexipage</type>
        <profile>Admin</profile>
    </profileActionOverrides>
    <profileActionOverrides>
        <actionName>View</actionName>
        <content>RP_Placement_Record_Page</content>
        <formFactor>Large</formFactor>
        <pageOrSobjectType>RP_Placement__c</pageOrSobjectType>
        <recordType>RP_Placement__c.RP_Placement</recordType>
        <type>Flexipage</type>
        <profile>Admin</profile>
    </profileActionOverrides>
    <profileActionOverrides>
        <actionName>View</actionName>
        <content>RP_Mental_Health_Record_Page</content>
        <formFactor>Small</formFactor>
        <pageOrSobjectType>RP_MentalHealth__c</pageOrSobjectType>
        <recordType>RP_MentalHealth__c.RP_Mental_Health</recordType>
        <type>Flexipage</type>
        <profile>RP User</profile>
    </profileActionOverrides>
    <profileActionOverrides>
        <actionName>View</actionName>
        <content>RP_Mental_Health_Record_Page</content>
        <formFactor>Large</formFactor>
        <pageOrSobjectType>RP_MentalHealth__c</pageOrSobjectType>
        <recordType>RP_MentalHealth__c.RP_Mental_Health</recordType>
        <type>Flexipage</type>
        <profile>RP User</profile>
    </profileActionOverrides>
    <profileActionOverrides>
        <actionName>View</actionName>
        <content>RP_Mental_Health_Record_Page</content>
        <formFactor>Small</formFactor>
        <pageOrSobjectType>RP_MentalHealth__c</pageOrSobjectType>
        <recordType>RP_MentalHealth__c.RP_Mental_Health</recordType>
        <type>Flexipage</type>
        <profile>Admin</profile>
    </profileActionOverrides>
    <profileActionOverrides>
        <actionName>View</actionName>
        <content>RP_Mental_Health_Record_Page</content>
        <formFactor>Large</formFactor>
        <pageOrSobjectType>RP_MentalHealth__c</pageOrSobjectType>
        <recordType>RP_MentalHealth__c.RP_Mental_Health</recordType>
        <type>Flexipage</type>
        <profile>Admin</profile>
    </profileActionOverrides>
    <profileActionOverrides>
        <actionName>View</actionName>
        <content>RP_Safety_Scale_Value_Record_Page</content>
        <formFactor>Small</formFactor>
        <pageOrSobjectType>RP_SafetyScaleValues__c</pageOrSobjectType>
        <recordType>RP_SafetyScaleValues__c.RP_Safety_Scale</recordType>
        <type>Flexipage</type>
        <profile>Admin</profile>
    </profileActionOverrides>
    <profileActionOverrides>
        <actionName>View</actionName>
        <content>RP_Safety_Scale_Value_Record_Page</content>
        <formFactor>Large</formFactor>
        <pageOrSobjectType>RP_SafetyScaleValues__c</pageOrSobjectType>
        <recordType>RP_SafetyScaleValues__c.RP_Safety_Scale</recordType>
        <type>Flexipage</type>
        <profile>Admin</profile>
    </profileActionOverrides>
    <profileActionOverrides>
        <actionName>View</actionName>
        <content>RP_Safety_Scale_Value_Record_Page</content>
        <formFactor>Small</formFactor>
        <pageOrSobjectType>RP_SafetyScaleValues__c</pageOrSobjectType>
        <recordType>RP_SafetyScaleValues__c.RP_Safety_Scale</recordType>
        <type>Flexipage</type>
        <profile>RP User</profile>
    </profileActionOverrides>
    <profileActionOverrides>
        <actionName>View</actionName>
        <content>RP_Safety_Scale_Value_Record_Page</content>
        <formFactor>Large</formFactor>
        <pageOrSobjectType>RP_SafetyScaleValues__c</pageOrSobjectType>
        <recordType>RP_SafetyScaleValues__c.RP_Safety_Scale</recordType>
        <type>Flexipage</type>
        <profile>RP User</profile>
    </profileActionOverrides>
    <profileActionOverrides>
        <actionName>View</actionName>
        <content>RP_Interaction_Summary_Case_Participant_Record_Page</content>
        <formFactor>Small</formFactor>
        <pageOrSobjectType>RP_InteractionSummaryCaseParticipant__c</pageOrSobjectType>
        <recordType>RP_InteractionSummaryCaseParticipant__c.RP_Interaction_Summary_Case_Participants</recordType>
        <type>Flexipage</type>
        <profile>RP User</profile>
    </profileActionOverrides>
    <profileActionOverrides>
        <actionName>View</actionName>
        <content>RP_Interaction_Summary_Case_Participant_Record_Page</content>
        <formFactor>Large</formFactor>
        <pageOrSobjectType>RP_InteractionSummaryCaseParticipant__c</pageOrSobjectType>
        <recordType>RP_InteractionSummaryCaseParticipant__c.RP_Interaction_Summary_Case_Participants</recordType>
        <type>Flexipage</type>
        <profile>RP User</profile>
    </profileActionOverrides>
    <profileActionOverrides>
        <actionName>View</actionName>
        <content>RP_Interaction_Summary_Case_Participant_Record_Page</content>
        <formFactor>Small</formFactor>
        <pageOrSobjectType>RP_InteractionSummaryCaseParticipant__c</pageOrSobjectType>
        <recordType>RP_InteractionSummaryCaseParticipant__c.RP_Interaction_Summary_Case_Participants</recordType>
        <type>Flexipage</type>
        <profile>Admin</profile>
    </profileActionOverrides>
    <profileActionOverrides>
        <actionName>View</actionName>
        <content>RP_Interaction_Summary_Case_Participant_Record_Page</content>
        <formFactor>Large</formFactor>
        <pageOrSobjectType>RP_InteractionSummaryCaseParticipant__c</pageOrSobjectType>
        <recordType>RP_InteractionSummaryCaseParticipant__c.RP_Interaction_Summary_Case_Participants</recordType>
        <type>Flexipage</type>
        <profile>Admin</profile>
    </profileActionOverrides>
    <profileActionOverrides>
        <actionName>View</actionName>
        <content>RP_Exception_Log_Record_Page</content>
        <formFactor>Small</formFactor>
        <pageOrSobjectType>RP_ExceptionLog__c</pageOrSobjectType>
        <recordType>RP_ExceptionLog__c.RP_Exception_Log</recordType>
        <type>Flexipage</type>
        <profile>Admin</profile>
    </profileActionOverrides>
    <profileActionOverrides>
        <actionName>View</actionName>
        <content>RP_Exception_Log_Record_Page</content>
        <formFactor>Large</formFactor>
        <pageOrSobjectType>RP_ExceptionLog__c</pageOrSobjectType>
        <recordType>RP_ExceptionLog__c.RP_Exception_Log</recordType>
        <type>Flexipage</type>
        <profile>Admin</profile>
    </profileActionOverrides>
    <profileActionOverrides>
        <actionName>View</actionName>
        <content>RP_CP_Capf_Record_Page</content>
        <formFactor>Small</formFactor>
        <pageOrSobjectType>RP_CAPF__c</pageOrSobjectType>
        <recordType>RP_CAPF__c.RP_Child_Protection</recordType>
        <type>Flexipage</type>
        <profile>Admin</profile>
    </profileActionOverrides>
    <profileActionOverrides>
        <actionName>View</actionName>
        <content>RP_CP_Capf_Record_Page</content>
        <formFactor>Large</formFactor>
        <pageOrSobjectType>RP_CAPF__c</pageOrSobjectType>
        <recordType>RP_CAPF__c.RP_Child_Protection</recordType>
        <type>Flexipage</type>
        <profile>Admin</profile>
    </profileActionOverrides>
    <profileActionOverrides>
        <actionName>View</actionName>
        <content>RP_AP_Individual_Application_Record_Page</content>
        <formFactor>Small</formFactor>
        <pageOrSobjectType>IndividualApplication</pageOrSobjectType>
        <recordType>IndividualApplication.RP_Adoption</recordType>
        <type>Flexipage</type>
        <profile>Admin</profile>
    </profileActionOverrides>
    <profileActionOverrides>
        <actionName>View</actionName>
        <content>RP_AP_Individual_Application_Record_Page</content>
        <formFactor>Large</formFactor>
        <pageOrSobjectType>IndividualApplication</pageOrSobjectType>
        <recordType>IndividualApplication.RP_Adoption</recordType>
        <type>Flexipage</type>
        <profile>Admin</profile>
    </profileActionOverrides>
    <profileActionOverrides>
        <actionName>View</actionName>
        <content>RP_AP_Individual_Application_Record_Page</content>
        <formFactor>Small</formFactor>
        <pageOrSobjectType>IndividualApplication</pageOrSobjectType>
        <recordType>IndividualApplication.RP_Adoption</recordType>
        <type>Flexipage</type>
        <profile>RP User Internal</profile>
    </profileActionOverrides>
    <profileActionOverrides>
        <actionName>View</actionName>
        <content>RP_AP_Individual_Application_Record_Page</content>
        <formFactor>Large</formFactor>
        <pageOrSobjectType>IndividualApplication</pageOrSobjectType>
        <recordType>IndividualApplication.RP_Adoption</recordType>
        <type>Flexipage</type>
        <profile>RP User Internal</profile>
    </profileActionOverrides>
    <setupExperience>all</setupExperience>
    <tabs>standard-home</tabs>
    <tabs>standard-Event</tabs>
    <tabs>standard-Account</tabs>
    <tabs>standard-PublicComplaint</tabs>
    <tabs>standard-Case</tabs>
    <tabs>standard-Dashboard</tabs>
    <tabs>RP_SensitiveHealth__c</tabs>
    <tabs>RP_CaseParticipantSnapshot__c</tabs>
    <uiType>Lightning</uiType>
    <utilityBar>MSF_RP_UtilityBar</utilityBar>
    <workspaceConfig>
        <mappings>
            <tab>RP_CaseParticipantSnapshot__c</tab>
        </mappings>
        <mappings>
            <tab>RP_SensitiveHealth__c</tab>
        </mappings>
        <mappings>
            <tab>standard-Account</tab>
        </mappings>
        <mappings>
            <tab>standard-Case</tab>
        </mappings>
        <mappings>
            <tab>standard-Dashboard</tab>
        </mappings>
        <mappings>
            <tab>standard-Event</tab>
        </mappings>
        <mappings>
            <tab>standard-PublicComplaint</tab>
        </mappings>
        <mappings>
            <tab>standard-home</tab>
        </mappings>
    </workspaceConfig>
</CustomApplication>
