<?xml version="1.0" encoding="UTF-8"?>
<CustomApplication xmlns="http://soap.sforce.com/2006/04/metadata">
    <actionOverrides>
        <actionName>View</actionName>
        <comment>Action override created by Lightning App Builder during activation.</comment>
        <content>RP_CaseProceedingResultParticipantRecordPageInvestigation</content>
        <formFactor>Large</formFactor>
        <skipRecordTypeSelect>false</skipRecordTypeSelect>
        <type>Flexipage</type>
        <pageOrSobjectType>RP_CaseProceedingResultParticipant__c</pageOrSobjectType>
    </actionOverrides>
    <actionOverrides>
        <actionName>View</actionName>
        <comment>Action override created by Lightning App Builder during activation.</comment>
        <content>RP_CaseProceedingResultParticipantRecordPageInvestigation</content>
        <formFactor>Small</formFactor>
        <skipRecordTypeSelect>false</skipRecordTypeSelect>
        <type>Flexipage</type>
        <pageOrSobjectType>RP_CaseProceedingResultParticipant__c</pageOrSobjectType>
    </actionOverrides>
    <actionOverrides>
        <actionName>View</actionName>
        <comment>Action override updated by Lightning App Builder during activation.</comment>
        <content>RP_BusinessAccountRecordPageLicensing</content>
        <formFactor>Large</formFactor>
        <skipRecordTypeSelect>false</skipRecordTypeSelect>
        <type>Flexipage</type>
        <pageOrSobjectType>Account</pageOrSobjectType>
    </actionOverrides>
    <actionOverrides>
        <actionName>View</actionName>
        <comment>Action override updated by Lightning App Builder during activation.</comment>
        <content>RP_BusinessAccountRecordPageLicensing</content>
        <formFactor>Small</formFactor>
        <skipRecordTypeSelect>false</skipRecordTypeSelect>
        <type>Flexipage</type>
        <pageOrSobjectType>Account</pageOrSobjectType>
    </actionOverrides>
    <actionOverrides>
        <actionName>View</actionName>
        <comment>Action override created by Lightning App Builder during activation.</comment>
        <content>RP_BusinessLicenseRecordPageLicensing</content>
        <formFactor>Large</formFactor>
        <skipRecordTypeSelect>false</skipRecordTypeSelect>
        <type>Flexipage</type>
        <pageOrSobjectType>BusinessLicense</pageOrSobjectType>
    </actionOverrides>
    <actionOverrides>
        <actionName>View</actionName>
        <comment>Action override created by Lightning App Builder during activation.</comment>
        <content>RP_BusinessLicenseRecordPageLicensing</content>
        <formFactor>Small</formFactor>
        <skipRecordTypeSelect>false</skipRecordTypeSelect>
        <type>Flexipage</type>
        <pageOrSobjectType>BusinessLicense</pageOrSobjectType>
    </actionOverrides>
    <actionOverrides>
        <actionName>View</actionName>
        <comment>Action override created by Lightning App Builder during activation.</comment>
        <content>RP_CaseRecordPageInvestigation</content>
        <formFactor>Large</formFactor>
        <skipRecordTypeSelect>false</skipRecordTypeSelect>
        <type>Flexipage</type>
        <pageOrSobjectType>Case</pageOrSobjectType>
    </actionOverrides>
    <actionOverrides>
        <actionName>View</actionName>
        <comment>Action override created by Lightning App Builder during activation.</comment>
        <content>RP_CaseRecordPageInvestigation</content>
        <formFactor>Small</formFactor>
        <skipRecordTypeSelect>false</skipRecordTypeSelect>
        <type>Flexipage</type>
        <pageOrSobjectType>Case</pageOrSobjectType>
    </actionOverrides>
    <actionOverrides>
        <actionName>View</actionName>
        <comment>Action override created by Lightning App Builder during activation.</comment>
        <content>RP_CaseParticipantInvestigation</content>
        <formFactor>Large</formFactor>
        <skipRecordTypeSelect>false</skipRecordTypeSelect>
        <type>Flexipage</type>
        <pageOrSobjectType>CaseParticipant</pageOrSobjectType>
    </actionOverrides>
    <actionOverrides>
        <actionName>View</actionName>
        <comment>Action override created by Lightning App Builder during activation.</comment>
        <content>RP_CaseParticipantInvestigation</content>
        <formFactor>Small</formFactor>
        <skipRecordTypeSelect>false</skipRecordTypeSelect>
        <type>Flexipage</type>
        <pageOrSobjectType>CaseParticipant</pageOrSobjectType>
    </actionOverrides>
    <actionOverrides>
        <actionName>View</actionName>
        <comment>Action override created by Lightning App Builder during activation.</comment>
        <content>RP_CaseProceedingRecordPageInvestigation</content>
        <formFactor>Large</formFactor>
        <skipRecordTypeSelect>false</skipRecordTypeSelect>
        <type>Flexipage</type>
        <pageOrSobjectType>CaseProceeding</pageOrSobjectType>
    </actionOverrides>
    <actionOverrides>
        <actionName>View</actionName>
        <comment>Action override created by Lightning App Builder during activation.</comment>
        <content>RP_CaseProceedingRecordPageInvestigation</content>
        <formFactor>Small</formFactor>
        <skipRecordTypeSelect>false</skipRecordTypeSelect>
        <type>Flexipage</type>
        <pageOrSobjectType>CaseProceeding</pageOrSobjectType>
    </actionOverrides>
    <actionOverrides>
        <actionName>View</actionName>
        <comment>Action override created by Lightning App Builder during activation.</comment>
        <content>RP_CaseProceedingInfractionRecordPageInvestigation</content>
        <formFactor>Large</formFactor>
        <skipRecordTypeSelect>false</skipRecordTypeSelect>
        <type>Flexipage</type>
        <pageOrSobjectType>CaseProceedingInfraction</pageOrSobjectType>
    </actionOverrides>
    <actionOverrides>
        <actionName>View</actionName>
        <comment>Action override created by Lightning App Builder during activation.</comment>
        <content>RP_CaseProceedingInfractionRecordPageInvestigation</content>
        <formFactor>Small</formFactor>
        <skipRecordTypeSelect>false</skipRecordTypeSelect>
        <type>Flexipage</type>
        <pageOrSobjectType>CaseProceedingInfraction</pageOrSobjectType>
    </actionOverrides>
    <actionOverrides>
        <actionName>View</actionName>
        <comment>Action override created by Lightning App Builder during activation.</comment>
        <content>RP_CaseProceedingParticipantRecordPageInvestigation</content>
        <formFactor>Large</formFactor>
        <skipRecordTypeSelect>false</skipRecordTypeSelect>
        <type>Flexipage</type>
        <pageOrSobjectType>CaseProceedingParticipant</pageOrSobjectType>
    </actionOverrides>
    <actionOverrides>
        <actionName>View</actionName>
        <comment>Action override created by Lightning App Builder during activation.</comment>
        <content>RP_CaseProceedingParticipantRecordPageInvestigation</content>
        <formFactor>Small</formFactor>
        <skipRecordTypeSelect>false</skipRecordTypeSelect>
        <type>Flexipage</type>
        <pageOrSobjectType>CaseProceedingParticipant</pageOrSobjectType>
    </actionOverrides>
    <actionOverrides>
        <actionName>View</actionName>
        <comment>Action override created by Lightning App Builder during activation.</comment>
        <content>RP_CaseProceedingResultRecordPageInvestigation</content>
        <formFactor>Large</formFactor>
        <skipRecordTypeSelect>false</skipRecordTypeSelect>
        <type>Flexipage</type>
        <pageOrSobjectType>CaseProceedingResult</pageOrSobjectType>
    </actionOverrides>
    <actionOverrides>
        <actionName>View</actionName>
        <comment>Action override created by Lightning App Builder during activation.</comment>
        <content>RP_CaseProceedingResultRecordPageInvestigation</content>
        <formFactor>Small</formFactor>
        <skipRecordTypeSelect>false</skipRecordTypeSelect>
        <type>Flexipage</type>
        <pageOrSobjectType>CaseProceedingResult</pageOrSobjectType>
    </actionOverrides>
    <actionOverrides>
        <actionName>View</actionName>
        <comment>Action override created by Lightning App Builder during activation.</comment>
        <content>RP_ContactRecordPageLicensing</content>
        <formFactor>Large</formFactor>
        <skipRecordTypeSelect>false</skipRecordTypeSelect>
        <type>Flexipage</type>
        <pageOrSobjectType>Contact</pageOrSobjectType>
    </actionOverrides>
    <actionOverrides>
        <actionName>View</actionName>
        <comment>Action override created by Lightning App Builder during activation.</comment>
        <content>RP_ContactRecordPageLicensing</content>
        <formFactor>Small</formFactor>
        <skipRecordTypeSelect>false</skipRecordTypeSelect>
        <type>Flexipage</type>
        <pageOrSobjectType>Contact</pageOrSobjectType>
    </actionOverrides>
    <actionOverrides>
        <actionName>View</actionName>
        <comment>Action override updated by Lightning App Builder during activation.</comment>
        <content>RP_CustodyItemRecordPageInvestigation</content>
        <formFactor>Large</formFactor>
        <skipRecordTypeSelect>false</skipRecordTypeSelect>
        <type>Flexipage</type>
        <pageOrSobjectType>CustodyItem</pageOrSobjectType>
    </actionOverrides>
    <actionOverrides>
        <actionName>View</actionName>
        <comment>Action override updated by Lightning App Builder during activation.</comment>
        <content>RP_CustodyItemRecordPageInvestigation</content>
        <formFactor>Small</formFactor>
        <skipRecordTypeSelect>false</skipRecordTypeSelect>
        <type>Flexipage</type>
        <pageOrSobjectType>CustodyItem</pageOrSobjectType>
    </actionOverrides>
    <actionOverrides>
        <actionName>View</actionName>
        <comment>Action override created by Lightning App Builder during activation.</comment>
        <content>RP_CustodyItemRelationRecordPageInvestigation</content>
        <formFactor>Large</formFactor>
        <skipRecordTypeSelect>false</skipRecordTypeSelect>
        <type>Flexipage</type>
        <pageOrSobjectType>CustodyItemRelation</pageOrSobjectType>
    </actionOverrides>
    <actionOverrides>
        <actionName>View</actionName>
        <comment>Action override created by Lightning App Builder during activation.</comment>
        <content>RP_CustodyItemRelationRecordPageInvestigation</content>
        <formFactor>Small</formFactor>
        <skipRecordTypeSelect>false</skipRecordTypeSelect>
        <type>Flexipage</type>
        <pageOrSobjectType>CustodyItemRelation</pageOrSobjectType>
    </actionOverrides>
    <actionOverrides>
        <actionName>View</actionName>
        <comment>Action override created by Lightning App Builder during activation.</comment>
        <content>RP_InteractionSummaryRecordPageInvestigation</content>
        <formFactor>Large</formFactor>
        <skipRecordTypeSelect>false</skipRecordTypeSelect>
        <type>Flexipage</type>
        <pageOrSobjectType>InteractionSummary</pageOrSobjectType>
    </actionOverrides>
    <actionOverrides>
        <actionName>View</actionName>
        <comment>Action override created by Lightning App Builder during activation.</comment>
        <content>RP_InteractionSummaryRecordPageInvestigation</content>
        <formFactor>Small</formFactor>
        <skipRecordTypeSelect>false</skipRecordTypeSelect>
        <type>Flexipage</type>
        <pageOrSobjectType>InteractionSummary</pageOrSobjectType>
    </actionOverrides>
    <actionOverrides>
        <actionName>View</actionName>
        <comment>Action override created by Lightning App Builder during activation.</comment>
        <content>RP_RegulatoryCodeViolationRecordPageInvestigation</content>
        <formFactor>Large</formFactor>
        <skipRecordTypeSelect>false</skipRecordTypeSelect>
        <type>Flexipage</type>
        <pageOrSobjectType>RegulatoryCodeViolation</pageOrSobjectType>
    </actionOverrides>
    <actionOverrides>
        <actionName>View</actionName>
        <comment>Action override created by Lightning App Builder during activation.</comment>
        <content>RP_RegulatoryCodeViolationRecordPageInvestigation</content>
        <formFactor>Small</formFactor>
        <skipRecordTypeSelect>false</skipRecordTypeSelect>
        <type>Flexipage</type>
        <pageOrSobjectType>RegulatoryCodeViolation</pageOrSobjectType>
    </actionOverrides>
    <actionOverrides>
        <actionName>View</actionName>
        <comment>Action override created by Lightning App Builder during activation.</comment>
        <content>RP_ViolationEnforcementActionRecordPageInvestigation</content>
        <formFactor>Large</formFactor>
        <skipRecordTypeSelect>false</skipRecordTypeSelect>
        <type>Flexipage</type>
        <pageOrSobjectType>ViolationEnforcementAction</pageOrSobjectType>
    </actionOverrides>
    <actionOverrides>
        <actionName>View</actionName>
        <comment>Action override created by Lightning App Builder during activation.</comment>
        <content>RP_ViolationEnforcementActionRecordPageInvestigation</content>
        <formFactor>Small</formFactor>
        <skipRecordTypeSelect>false</skipRecordTypeSelect>
        <type>Flexipage</type>
        <pageOrSobjectType>ViolationEnforcementAction</pageOrSobjectType>
    </actionOverrides>
    <actionOverrides>
        <actionName>Tab</actionName>
        <content>RP_InvestigationHomePage</content>
        <formFactor>Large</formFactor>
        <skipRecordTypeSelect>false</skipRecordTypeSelect>
        <type>Flexipage</type>
        <pageOrSobjectType>standard-home</pageOrSobjectType>
    </actionOverrides>
    <brand>
        <headerColor>#0070D2</headerColor>
        <shouldOverrideOrgTheme>false</shouldOverrideOrgTheme>
    </brand>
    <description>Console app to provide Regulatory and Enforcement</description>
    <formFactors>Small</formFactors>
    <formFactors>Large</formFactors>
    <isNavAutoTempTabsDisabled>false</isNavAutoTempTabsDisabled>
    <isNavPersonalizationDisabled>false</isNavPersonalizationDisabled>
    <isNavTabPersistenceDisabled>true</isNavTabPersistenceDisabled>
    <isOmniPinnedViewEnabled>false</isOmniPinnedViewEnabled>
    <label>Regulatory And Enforcement</label>
    <navType>Console</navType>
    <profileActionOverrides>
        <actionName>View</actionName>
        <content>RP_CaseRecordPageInvestigation</content>
        <formFactor>Small</formFactor>
        <pageOrSobjectType>Case</pageOrSobjectType>
        <recordType>Case.RP_Investigation</recordType>
        <type>Flexipage</type>
        <profile>Admin</profile>
    </profileActionOverrides>
    <profileActionOverrides>
        <actionName>View</actionName>
        <content>RP_CaseRecordPageInvestigation</content>
        <formFactor>Large</formFactor>
        <pageOrSobjectType>Case</pageOrSobjectType>
        <recordType>Case.RP_Investigation</recordType>
        <type>Flexipage</type>
        <profile>Admin</profile>
    </profileActionOverrides>
    <profileActionOverrides>
        <actionName>View</actionName>
        <content>RP_CaseProceedingRecordPageInvestigation</content>
        <formFactor>Small</formFactor>
        <pageOrSobjectType>CaseProceeding</pageOrSobjectType>
        <recordType>CaseProceeding.RP_CaseProceedingInvestigation</recordType>
        <type>Flexipage</type>
        <profile>Admin</profile>
    </profileActionOverrides>
    <profileActionOverrides>
        <actionName>View</actionName>
        <content>RP_CaseProceedingRecordPageInvestigation</content>
        <formFactor>Large</formFactor>
        <pageOrSobjectType>CaseProceeding</pageOrSobjectType>
        <recordType>CaseProceeding.RP_CaseProceedingInvestigation</recordType>
        <type>Flexipage</type>
        <profile>Admin</profile>
    </profileActionOverrides>
    <profileActionOverrides>
        <actionName>View</actionName>
        <content>RP_CustodyItemRecordPageInvestigation</content>
        <formFactor>Small</formFactor>
        <pageOrSobjectType>CustodyItem</pageOrSobjectType>
        <type>Flexipage</type>
        <profile>Admin</profile>
    </profileActionOverrides>
    <profileActionOverrides>
        <actionName>View</actionName>
        <content>RP_CustodyItemRecordPageInvestigation</content>
        <formFactor>Large</formFactor>
        <pageOrSobjectType>CustodyItem</pageOrSobjectType>
        <type>Flexipage</type>
        <profile>Admin</profile>
    </profileActionOverrides>
    <profileActionOverrides>
        <actionName>View</actionName>
        <content>RP_CustodyItemRecordPageInvestigation</content>
        <formFactor>Small</formFactor>
        <pageOrSobjectType>CustodyItem</pageOrSobjectType>
        <recordType>CustodyItem.RP_CustodyItemInvestigation</recordType>
        <type>Flexipage</type>
        <profile>Admin</profile>
    </profileActionOverrides>
    <profileActionOverrides>
        <actionName>View</actionName>
        <content>RP_CustodyItemRecordPageInvestigation</content>
        <formFactor>Large</formFactor>
        <pageOrSobjectType>CustodyItem</pageOrSobjectType>
        <recordType>CustodyItem.RP_CustodyItemInvestigation</recordType>
        <type>Flexipage</type>
        <profile>Admin</profile>
    </profileActionOverrides>
    <profileActionOverrides>
        <actionName>View</actionName>
        <content>RP_CaseProceedingParticipantRecordPageInvestigation</content>
        <formFactor>Small</formFactor>
        <pageOrSobjectType>CaseProceedingParticipant</pageOrSobjectType>
        <recordType>CaseProceedingParticipant.RP_CaseProceedingParticipantInvestigation</recordType>
        <type>Flexipage</type>
        <profile>Admin</profile>
    </profileActionOverrides>
    <profileActionOverrides>
        <actionName>View</actionName>
        <content>RP_CaseProceedingParticipantRecordPageInvestigation</content>
        <formFactor>Large</formFactor>
        <pageOrSobjectType>CaseProceedingParticipant</pageOrSobjectType>
        <recordType>CaseProceedingParticipant.RP_CaseProceedingParticipantInvestigation</recordType>
        <type>Flexipage</type>
        <profile>Admin</profile>
    </profileActionOverrides>
    <profileActionOverrides>
        <actionName>View</actionName>
        <content>RP_CaseProceedingResultRecordPageInvestigation</content>
        <formFactor>Small</formFactor>
        <pageOrSobjectType>CaseProceedingResult</pageOrSobjectType>
        <recordType>CaseProceedingResult.RP_CaseProceedingResultInvestigation</recordType>
        <type>Flexipage</type>
        <profile>Admin</profile>
    </profileActionOverrides>
    <profileActionOverrides>
        <actionName>View</actionName>
        <content>RP_CaseProceedingResultRecordPageInvestigation</content>
        <formFactor>Large</formFactor>
        <pageOrSobjectType>CaseProceedingResult</pageOrSobjectType>
        <recordType>CaseProceedingResult.RP_CaseProceedingResultInvestigation</recordType>
        <type>Flexipage</type>
        <profile>Admin</profile>
    </profileActionOverrides>
    <profileActionOverrides>
        <actionName>View</actionName>
        <content>RP_CaseProceedingResultParticipantRecordPageInvestigation</content>
        <formFactor>Small</formFactor>
        <pageOrSobjectType>RP_CaseProceedingResultParticipant__c</pageOrSobjectType>
        <recordType>RP_CaseProceedingResultParticipant__c.RP_CaseProceedingResultParticipantInvestigation</recordType>
        <type>Flexipage</type>
        <profile>Admin</profile>
    </profileActionOverrides>
    <profileActionOverrides>
        <actionName>View</actionName>
        <content>RP_CaseProceedingResultParticipantRecordPageInvestigation</content>
        <formFactor>Large</formFactor>
        <pageOrSobjectType>RP_CaseProceedingResultParticipant__c</pageOrSobjectType>
        <recordType>RP_CaseProceedingResultParticipant__c.RP_CaseProceedingResultParticipantInvestigation</recordType>
        <type>Flexipage</type>
        <profile>Admin</profile>
    </profileActionOverrides>
    <profileActionOverrides>
        <actionName>View</actionName>
        <content>RP_CaseProceedingInfractionRecordPageInvestigation</content>
        <formFactor>Small</formFactor>
        <pageOrSobjectType>CaseProceedingInfraction</pageOrSobjectType>
        <recordType>CaseProceedingInfraction.RP_CaseProceedingInfractionInvestigation</recordType>
        <type>Flexipage</type>
        <profile>Admin</profile>
    </profileActionOverrides>
    <profileActionOverrides>
        <actionName>View</actionName>
        <content>RP_CaseProceedingInfractionRecordPageInvestigation</content>
        <formFactor>Large</formFactor>
        <pageOrSobjectType>CaseProceedingInfraction</pageOrSobjectType>
        <recordType>CaseProceedingInfraction.RP_CaseProceedingInfractionInvestigation</recordType>
        <type>Flexipage</type>
        <profile>Admin</profile>
    </profileActionOverrides>
    <profileActionOverrides>
        <actionName>View</actionName>
        <content>RP_CustodyItemRelationRecordPageInvestigation</content>
        <formFactor>Small</formFactor>
        <pageOrSobjectType>CustodyItemRelation</pageOrSobjectType>
        <recordType>CustodyItemRelation.RP_CustodyItemRelationRecordPageInvestigation</recordType>
        <type>Flexipage</type>
        <profile>Admin</profile>
    </profileActionOverrides>
    <profileActionOverrides>
        <actionName>View</actionName>
        <content>RP_CustodyItemRelationRecordPageInvestigation</content>
        <formFactor>Large</formFactor>
        <pageOrSobjectType>CustodyItemRelation</pageOrSobjectType>
        <recordType>CustodyItemRelation.RP_CustodyItemRelationRecordPageInvestigation</recordType>
        <type>Flexipage</type>
        <profile>Admin</profile>
    </profileActionOverrides>
    <profileActionOverrides>
        <actionName>View</actionName>
        <content>RP_CaseParticipantInvestigation</content>
        <formFactor>Small</formFactor>
        <pageOrSobjectType>CaseParticipant</pageOrSobjectType>
        <recordType>CaseParticipant.RP_CaseParticipantInvestigation</recordType>
        <type>Flexipage</type>
        <profile>Admin</profile>
    </profileActionOverrides>
    <profileActionOverrides>
        <actionName>View</actionName>
        <content>RP_CaseParticipantInvestigation</content>
        <formFactor>Large</formFactor>
        <pageOrSobjectType>CaseParticipant</pageOrSobjectType>
        <recordType>CaseParticipant.RP_CaseParticipantInvestigation</recordType>
        <type>Flexipage</type>
        <profile>Admin</profile>
    </profileActionOverrides>
    <profileActionOverrides>
        <actionName>View</actionName>
        <content>RP_BusinessLicenseApplicationRecordPageLicensing</content>
        <formFactor>Small</formFactor>
        <pageOrSobjectType>BusinessLicenseApplication</pageOrSobjectType>
        <recordType>BusinessLicenseApplication.RP_BusinessLicenseApplicationLicensing</recordType>
        <type>Flexipage</type>
        <profile>Admin</profile>
    </profileActionOverrides>
    <profileActionOverrides>
        <actionName>View</actionName>
        <content>RP_BusinessLicenseApplicationRecordPageLicensing</content>
        <formFactor>Large</formFactor>
        <pageOrSobjectType>BusinessLicenseApplication</pageOrSobjectType>
        <recordType>BusinessLicenseApplication.RP_BusinessLicenseApplicationLicensing</recordType>
        <type>Flexipage</type>
        <profile>Admin</profile>
    </profileActionOverrides>
    <profileActionOverrides>
        <actionName>View</actionName>
        <content>Assessment_Question_Version_Record_Page</content>
        <formFactor>Small</formFactor>
        <pageOrSobjectType>AssessmentQuestionVersion</pageOrSobjectType>
        <type>Flexipage</type>
        <profile>Admin</profile>
    </profileActionOverrides>
    <profileActionOverrides>
        <actionName>View</actionName>
        <content>Assessment_Question_Version_Record_Page</content>
        <formFactor>Large</formFactor>
        <pageOrSobjectType>AssessmentQuestionVersion</pageOrSobjectType>
        <type>Flexipage</type>
        <profile>Admin</profile>
    </profileActionOverrides>
    <profileActionOverrides>
        <actionName>View</actionName>
        <content>RP_BusinessAccountRecordPageLicensing</content>
        <formFactor>Small</formFactor>
        <pageOrSobjectType>Account</pageOrSobjectType>
        <recordType>Account.Business_Account</recordType>
        <type>Flexipage</type>
        <profile>Admin</profile>
    </profileActionOverrides>
    <profileActionOverrides>
        <actionName>View</actionName>
        <content>RP_BusinessAccountRecordPageLicensing</content>
        <formFactor>Large</formFactor>
        <pageOrSobjectType>Account</pageOrSobjectType>
        <recordType>Account.Business_Account</recordType>
        <type>Flexipage</type>
        <profile>Admin</profile>
    </profileActionOverrides>
    <profileActionOverrides>
        <actionName>View</actionName>
        <content>RP_ContactRecordPageLicensing</content>
        <formFactor>Small</formFactor>
        <pageOrSobjectType>Contact</pageOrSobjectType>
        <type>Flexipage</type>
        <profile>Admin</profile>
    </profileActionOverrides>
    <profileActionOverrides>
        <actionName>View</actionName>
        <content>RP_ContactRecordPageLicensing</content>
        <formFactor>Large</formFactor>
        <pageOrSobjectType>Contact</pageOrSobjectType>
        <type>Flexipage</type>
        <profile>Admin</profile>
    </profileActionOverrides>
    <profileActionOverrides>
        <actionName>View</actionName>
        <content>RP_BusinessLicenseRecordPageLicensing</content>
        <formFactor>Small</formFactor>
        <pageOrSobjectType>BusinessLicense</pageOrSobjectType>
        <recordType>BusinessLicense.RP_BusinessLicenseLicensing</recordType>
        <type>Flexipage</type>
        <profile>Admin</profile>
    </profileActionOverrides>
    <profileActionOverrides>
        <actionName>View</actionName>
        <content>RP_BusinessLicenseRecordPageLicensing</content>
        <formFactor>Large</formFactor>
        <pageOrSobjectType>BusinessLicense</pageOrSobjectType>
        <recordType>BusinessLicense.RP_BusinessLicenseLicensing</recordType>
        <type>Flexipage</type>
        <profile>Admin</profile>
    </profileActionOverrides>
    <!-- <profileActionOverrides>
        <actionName>View</actionName>
        <content>RP_BusinessAccountRecordPageLicensing</content>
        <formFactor>Small</formFactor>
        <pageOrSobjectType>Account</pageOrSobjectType>
        <recordType>Account.Business_Account</recordType>
        <type>Flexipage</type>
        <profile>Licence User -System Administrator (TBD)</profile>
    </profileActionOverrides>
    <profileActionOverrides>
        <actionName>View</actionName>
        <content>RP_BusinessAccountRecordPageLicensing</content>
        <formFactor>Large</formFactor>
        <pageOrSobjectType>Account</pageOrSobjectType>
        <recordType>Account.Business_Account</recordType>
        <type>Flexipage</type>
        <profile>Licence User -System Administrator (TBD)</profile>
    </profileActionOverrides>
    <profileActionOverrides>
        <actionName>View</actionName>
        <content>RP_ContactRecordPageLicensing</content>
        <formFactor>Small</formFactor>
        <pageOrSobjectType>Contact</pageOrSobjectType>
        <type>Flexipage</type>
        <profile>Licence User -System Administrator (TBD)</profile>
    </profileActionOverrides>
    <profileActionOverrides>
        <actionName>View</actionName>
        <content>RP_ContactRecordPageLicensing</content>
        <formFactor>Large</formFactor>
        <pageOrSobjectType>Contact</pageOrSobjectType>
        <type>Flexipage</type>
        <profile>Licence User -System Administrator (TBD)</profile>
    </profileActionOverrides> -->
    <profileActionOverrides>
        <actionName>View</actionName>
        <content>RP_VisitRecordPageLicensing</content>
        <formFactor>Small</formFactor>
        <pageOrSobjectType>Visit</pageOrSobjectType>
        <recordType>Visit.RP_VisitLicensing</recordType>
        <type>Flexipage</type>
        <profile>Admin</profile>
    </profileActionOverrides>
    <profileActionOverrides>
        <actionName>View</actionName>
        <content>RP_VisitRecordPageLicensing</content>
        <formFactor>Large</formFactor>
        <pageOrSobjectType>Visit</pageOrSobjectType>
        <recordType>Visit.RP_VisitLicensing</recordType>
        <type>Flexipage</type>
        <profile>Admin</profile>
    </profileActionOverrides>
    <!-- <profileActionOverrides>
        <actionName>View</actionName>
        <content>RP_VisitRecordPageLicensing</content>
        <formFactor>Small</formFactor>
        <pageOrSobjectType>Visit</pageOrSobjectType>
        <recordType>Visit.RP_VisitLicensing</recordType>
        <type>Flexipage</type>
        <profile>Licence User -System Administrator (TBD)</profile>
    </profileActionOverrides>
    <profileActionOverrides>
        <actionName>View</actionName>
        <content>RP_VisitRecordPageLicensing</content>
        <formFactor>Large</formFactor>
        <pageOrSobjectType>Visit</pageOrSobjectType>
        <recordType>Visit.RP_VisitLicensing</recordType>
        <type>Flexipage</type>
        <profile>Licence User -System Administrator (TBD)</profile>
    </profileActionOverrides> -->
    <profileActionOverrides>
        <actionName>View</actionName>
        <content>RP_ViolationEnforcementActionRecordPageInvestigation</content>
        <formFactor>Small</formFactor>
        <pageOrSobjectType>ViolationEnforcementAction</pageOrSobjectType>
        <recordType>ViolationEnforcementAction.RP_ViolationEnforcementActionInvestigation</recordType>
        <type>Flexipage</type>
        <profile>Admin</profile>
    </profileActionOverrides>
    <profileActionOverrides>
        <actionName>View</actionName>
        <content>RP_ViolationEnforcementActionRecordPageInvestigation</content>
        <formFactor>Large</formFactor>
        <pageOrSobjectType>ViolationEnforcementAction</pageOrSobjectType>
        <recordType>ViolationEnforcementAction.RP_ViolationEnforcementActionInvestigation</recordType>
        <type>Flexipage</type>
        <profile>Admin</profile>
    </profileActionOverrides>
    <!-- <profileActionOverrides>
        <actionName>View</actionName>
        <content>RP_BusinessAccountRecordPageLicensing</content>
        <formFactor>Small</formFactor>
        <pageOrSobjectType>Account</pageOrSobjectType>
        <recordType>Account.Business_Account</recordType>
        <type>Flexipage</type>
        <profile>Investigation - System Administrator (TBD)</profile>
    </profileActionOverrides>
    <profileActionOverrides>
        <actionName>View</actionName>
        <content>RP_BusinessAccountRecordPageLicensing</content>
        <formFactor>Large</formFactor>
        <pageOrSobjectType>Account</pageOrSobjectType>
        <recordType>Account.Business_Account</recordType>
        <type>Flexipage</type>
        <profile>Investigation - System Administrator (TBD)</profile>
    </profileActionOverrides>
    <profileActionOverrides>
        <actionName>View</actionName>
        <content>RP_ContactRecordPageLicensing</content>
        <formFactor>Small</formFactor>
        <pageOrSobjectType>Contact</pageOrSobjectType>
        <type>Flexipage</type>
        <profile>Investigation - System Administrator (TBD)</profile>
    </profileActionOverrides>
    <profileActionOverrides>
        <actionName>View</actionName>
        <content>RP_ContactRecordPageLicensing</content>
        <formFactor>Large</formFactor>
        <pageOrSobjectType>Contact</pageOrSobjectType>
        <type>Flexipage</type>
        <profile>Investigation - System Administrator (TBD)</profile>
    </profileActionOverrides>
    <profileActionOverrides>
        <actionName>View</actionName>
        <content>RP_CaseRecordPageInvestigation</content>
        <formFactor>Small</formFactor>
        <pageOrSobjectType>Case</pageOrSobjectType>
        <recordType>Case.RP_Investigation</recordType>
        <type>Flexipage</type>
        <profile>Investigation - System Administrator (TBD)</profile>
    </profileActionOverrides>
    <profileActionOverrides>
        <actionName>View</actionName>
        <content>RP_CaseRecordPageInvestigation</content>
        <formFactor>Large</formFactor>
        <pageOrSobjectType>Case</pageOrSobjectType>
        <recordType>Case.RP_Investigation</recordType>
        <type>Flexipage</type>
        <profile>Investigation - System Administrator (TBD)</profile>
    </profileActionOverrides>
    <profileActionOverrides>
        <actionName>View</actionName>
        <content>RP_CaseProceedingResultRecordPageInvestigation</content>
        <formFactor>Small</formFactor>
        <pageOrSobjectType>CaseProceedingResult</pageOrSobjectType>
        <recordType>CaseProceedingResult.RP_CaseProceedingResultInvestigation</recordType>
        <type>Flexipage</type>
        <profile>Investigation - System Administrator (TBD)</profile>
    </profileActionOverrides>
    <profileActionOverrides>
        <actionName>View</actionName>
        <content>RP_CaseProceedingResultRecordPageInvestigation</content>
        <formFactor>Large</formFactor>
        <pageOrSobjectType>CaseProceedingResult</pageOrSobjectType>
        <recordType>CaseProceedingResult.RP_CaseProceedingResultInvestigation</recordType>
        <type>Flexipage</type>
        <profile>Investigation - System Administrator (TBD)</profile>
    </profileActionOverrides>
    <profileActionOverrides>
        <actionName>View</actionName>
        <content>RP_CaseProceedingRecordPageInvestigation</content>
        <formFactor>Small</formFactor>
        <pageOrSobjectType>CaseProceeding</pageOrSobjectType>
        <recordType>CaseProceeding.RP_CaseProceedingInvestigation</recordType>
        <type>Flexipage</type>
        <profile>Investigation - System Administrator (TBD)</profile>
    </profileActionOverrides>
    <profileActionOverrides>
        <actionName>View</actionName>
        <content>RP_CaseProceedingRecordPageInvestigation</content>
        <formFactor>Large</formFactor>
        <pageOrSobjectType>CaseProceeding</pageOrSobjectType>
        <recordType>CaseProceeding.RP_CaseProceedingInvestigation</recordType>
        <type>Flexipage</type>
        <profile>Investigation - System Administrator (TBD)</profile>
    </profileActionOverrides>
    <profileActionOverrides>
        <actionName>View</actionName>
        <content>RP_CaseProceedingParticipantRecordPageInvestigation</content>
        <formFactor>Small</formFactor>
        <pageOrSobjectType>CaseProceedingParticipant</pageOrSobjectType>
        <recordType>CaseProceedingParticipant.RP_CaseProceedingParticipantInvestigation</recordType>
        <type>Flexipage</type>
        <profile>Investigation - System Administrator (TBD)</profile>
    </profileActionOverrides>
    <profileActionOverrides>
        <actionName>View</actionName>
        <content>RP_CaseProceedingParticipantRecordPageInvestigation</content>
        <formFactor>Large</formFactor>
        <pageOrSobjectType>CaseProceedingParticipant</pageOrSobjectType>
        <recordType>CaseProceedingParticipant.RP_CaseProceedingParticipantInvestigation</recordType>
        <type>Flexipage</type>
        <profile>Investigation - System Administrator (TBD)</profile>
    </profileActionOverrides>
    <profileActionOverrides>
        <actionName>View</actionName>
        <content>RP_CaseProceedingInfractionRecordPageInvestigation</content>
        <formFactor>Small</formFactor>
        <pageOrSobjectType>CaseProceedingInfraction</pageOrSobjectType>
        <recordType>CaseProceedingInfraction.RP_CaseProceedingInfractionInvestigation</recordType>
        <type>Flexipage</type>
        <profile>Investigation - System Administrator (TBD)</profile>
    </profileActionOverrides>
    <profileActionOverrides>
        <actionName>View</actionName>
        <content>RP_CaseProceedingInfractionRecordPageInvestigation</content>
        <formFactor>Large</formFactor>
        <pageOrSobjectType>CaseProceedingInfraction</pageOrSobjectType>
        <recordType>CaseProceedingInfraction.RP_CaseProceedingInfractionInvestigation</recordType>
        <type>Flexipage</type>
        <profile>Investigation - System Administrator (TBD)</profile>
    </profileActionOverrides>
       <profileActionOverrides>
        <actionName>View</actionName>
        <content>RP_ViolationEnforcementActionRecordPageInvestigation</content>
        <formFactor>Small</formFactor>
        <pageOrSobjectType>ViolationEnforcementAction</pageOrSobjectType>
        <recordType>ViolationEnforcementAction.RP_ViolationEnforcementActionInvestigation</recordType>
        <type>Flexipage</type>
        <profile>Licence User -System Administrator (TBD)</profile>
    </profileActionOverrides>
    <profileActionOverrides>
        <actionName>View</actionName>
        <content>RP_ViolationEnforcementActionRecordPageInvestigation</content>
        <formFactor>Large</formFactor>
        <pageOrSobjectType>ViolationEnforcementAction</pageOrSobjectType>
        <recordType>ViolationEnforcementAction.RP_ViolationEnforcementActionInvestigation</recordType>
        <type>Flexipage</type>
        <profile>Licence User -System Administrator (TBD)</profile>
    </profileActionOverrides>
    <profileActionOverrides>
        <actionName>View</actionName>
        <content>RP_CaseParticipantInvestigation</content>
        <formFactor>Small</formFactor>
        <pageOrSobjectType>CaseParticipant</pageOrSobjectType>
        <recordType>CaseParticipant.RP_CaseParticipantInvestigation</recordType>
        <type>Flexipage</type>
        <profile>Investigation - System Administrator (TBD)</profile>
    </profileActionOverrides>
    <profileActionOverrides>
        <actionName>View</actionName>
        <content>RP_CaseParticipantInvestigation</content>
        <formFactor>Large</formFactor>
        <pageOrSobjectType>CaseParticipant</pageOrSobjectType>
        <recordType>CaseParticipant.RP_CaseParticipantInvestigation</recordType>
        <type>Flexipage</type>
        <profile>Investigation - System Administrator (TBD)</profile>
    </profileActionOverrides>
    <profileActionOverrides>
        <actionName>View</actionName>
        <content>RP_CustodyItemRecordPageInvestigation</content>
        <formFactor>Small</formFactor>
        <pageOrSobjectType>CustodyItem</pageOrSobjectType>
        <recordType>CustodyItem.RP_CustodyItemInvestigation</recordType>
        <type>Flexipage</type>
        <profile>Investigation - System Administrator (TBD)</profile>
    </profileActionOverrides>
    <profileActionOverrides>
        <actionName>View</actionName>
        <content>RP_CustodyItemRecordPageInvestigation</content>
        <formFactor>Large</formFactor>
        <pageOrSobjectType>CustodyItem</pageOrSobjectType>
        <recordType>CustodyItem.RP_CustodyItemInvestigation</recordType>
        <type>Flexipage</type>
        <profile>Investigation - System Administrator (TBD)</profile>
    </profileActionOverrides>
    <profileActionOverrides>
        <actionName>View</actionName>
        <content>RP_PersonAccountRecordPageInvestigation</content>
        <formFactor>Small</formFactor>
        <pageOrSobjectType>Account</pageOrSobjectType>
        <recordType>PersonAccount.PersonAccount</recordType>
        <type>Flexipage</type>
        <profile>Investigation - System Administrator (TBD)</profile>
    </profileActionOverrides>
    <profileActionOverrides>
        <actionName>View</actionName>
        <content>RP_PersonAccountRecordPageInvestigation</content>
        <formFactor>Large</formFactor>
        <pageOrSobjectType>Account</pageOrSobjectType>
        <recordType>PersonAccount.PersonAccount</recordType>
        <type>Flexipage</type>
        <profile>Investigation - System Administrator (TBD)</profile>
    </profileActionOverrides>
    <profileActionOverrides>
        <actionName>View</actionName>
        <content>RP_PersonAccountRecordPageInvestigation</content>
        <formFactor>Small</formFactor>
        <pageOrSobjectType>Account</pageOrSobjectType>
        <recordType>PersonAccount.PersonAccount</recordType>
        <type>Flexipage</type>
        <profile>Licence User -System Administrator (TBD)</profile>
    </profileActionOverrides>
    <profileActionOverrides>
        <actionName>View</actionName>
        <content>RP_PersonAccountRecordPageInvestigation</content>
        <formFactor>Large</formFactor>
        <pageOrSobjectType>Account</pageOrSobjectType>
        <recordType>PersonAccount.PersonAccount</recordType>
        <type>Flexipage</type>
        <profile>Licence User -System Administrator (TBD)</profile>
    </profileActionOverrides>
    <profileActionOverrides>
        <actionName>View</actionName>
        <content>RP_BusinessLicenseRecordPageLicensing</content>
        <formFactor>Small</formFactor>
        <pageOrSobjectType>BusinessLicense</pageOrSobjectType>
        <recordType>BusinessLicense.RP_BusinessLicenseLicensing</recordType>
        <type>Flexipage</type>
        <profile>Investigation - System Administrator (TBD)</profile>
    </profileActionOverrides>
    <profileActionOverrides>
        <actionName>View</actionName>
        <content>RP_BusinessLicenseRecordPageLicensing</content>
        <formFactor>Large</formFactor>
        <pageOrSobjectType>BusinessLicense</pageOrSobjectType>
        <recordType>BusinessLicense.RP_BusinessLicenseLicensing</recordType>
        <type>Flexipage</type>
        <profile>Investigation - System Administrator (TBD)</profile>
    </profileActionOverrides>
    <profileActionOverrides>
        <actionName>View</actionName>
        <content>RP_BusinessLicenseRecordPageLicensing</content>
        <formFactor>Small</formFactor>
        <pageOrSobjectType>BusinessLicense</pageOrSobjectType>
        <recordType>BusinessLicense.RP_BusinessLicenseLicensing</recordType>
        <type>Flexipage</type>
        <profile>Licence User -System Administrator (TBD)</profile>
    </profileActionOverrides>
    <profileActionOverrides>
        <actionName>View</actionName>
        <content>RP_BusinessLicenseRecordPageLicensing</content>
        <formFactor>Large</formFactor>
        <pageOrSobjectType>BusinessLicense</pageOrSobjectType>
        <recordType>BusinessLicense.RP_BusinessLicenseLicensing</recordType>
        <type>Flexipage</type>
        <profile>Licence User -System Administrator (TBD)</profile>
    </profileActionOverrides>
    <profileActionOverrides>
        <actionName>View</actionName>
        <content>RP_CaseProceedingResultParticipantRecordPageInvestigation</content>
        <formFactor>Small</formFactor>
        <pageOrSobjectType>RP_CaseProceedingResultParticipant__c</pageOrSobjectType>
        <recordType>RP_CaseProceedingResultParticipant__c.RP_CaseProceedingResultParticipantInvestigation</recordType>
        <type>Flexipage</type>
        <profile>Investigation - System Administrator (TBD)</profile>
    </profileActionOverrides>
    <profileActionOverrides>
        <actionName>View</actionName>
        <content>RP_CaseProceedingResultParticipantRecordPageInvestigation</content>
        <formFactor>Large</formFactor>
        <pageOrSobjectType>RP_CaseProceedingResultParticipant__c</pageOrSobjectType>
        <recordType>RP_CaseProceedingResultParticipant__c.RP_CaseProceedingResultParticipantInvestigation</recordType>
        <type>Flexipage</type>
        <profile>Investigation - System Administrator (TBD)</profile>
    </profileActionOverrides> -->
    <!-- <profileActionOverrides>
        <actionName>View</actionName>
        <content>Licensing_Assessment_RecordPage</content>
        <formFactor>Small</formFactor>
        <pageOrSobjectType>OmniAssessmentTask</pageOrSobjectType>
        <type>Flexipage</type>
        <profile>Admin</profile>
    </profileActionOverrides>
    <profileActionOverrides>
        <actionName>View</actionName>
        <content>Licensing_Assessment_RecordPage</content>
        <formFactor>Large</formFactor>
        <pageOrSobjectType>OmniAssessmentTask</pageOrSobjectType>
        <type>Flexipage</type>
        <profile>Admin</profile>
    </profileActionOverrides> -->
    <!-- <profileActionOverrides>
        <actionName>View</actionName>
        <content>Licensing_Assessment_RecordPage</content>
        <formFactor>Small</formFactor>
        <pageOrSobjectType>OmniAssessmentTask</pageOrSobjectType>
        <type>Flexipage</type>
        <profile>Licence User -System Administrator (TBD)</profile>
    </profileActionOverrides>
    <profileActionOverrides>
        <actionName>View</actionName>
        <content>Licensing_Assessment_RecordPage</content>
        <formFactor>Large</formFactor>
        <pageOrSobjectType>OmniAssessmentTask</pageOrSobjectType>
        <type>Flexipage</type>
        <profile>Licence User -System Administrator (TBD)</profile>
    </profileActionOverrides> 
    <profileActionOverrides>
        <actionName>View</actionName>
        <content>RP_PersonAccountRecordPageInvestigation</content>
        <formFactor>Small</formFactor>
        <pageOrSobjectType>Account</pageOrSobjectType>
        <recordType>PersonAccount.PersonAccount</recordType>
        <type>Flexipage</type>
        <profile>License Staff</profile>
    </profileActionOverrides>
    <profileActionOverrides>
        <actionName>View</actionName>
        <content>RP_PersonAccountRecordPageInvestigation</content>
        <formFactor>Large</formFactor>
        <pageOrSobjectType>Account</pageOrSobjectType>
        <recordType>PersonAccount.PersonAccount</recordType>
        <type>Flexipage</type>
        <profile>License Staff</profile>
    </profileActionOverrides>
    <profileActionOverrides>
        <actionName>View</actionName>
        <content>RP_PersonAccountRecordPageInvestigation</content>
        <formFactor>Small</formFactor>
        <pageOrSobjectType>Account</pageOrSobjectType>
        <recordType>PersonAccount.PersonAccount</recordType>
        <type>Flexipage</type>
        <profile>LicenseHomeStaff - Portal User</profile>
    </profileActionOverrides>
    <profileActionOverrides>
        <actionName>View</actionName>
        <content>RP_PersonAccountRecordPageInvestigation</content>
        <formFactor>Large</formFactor>
        <pageOrSobjectType>Account</pageOrSobjectType>
        <recordType>PersonAccount.PersonAccount</recordType>
        <type>Flexipage</type>
        <profile>LicenseHomeStaff - Portal User</profile>
    </profileActionOverrides> -->
    <profileActionOverrides>
        <actionName>View</actionName>
        <content>RP_PersonAccountRecordPageInvestigation</content>
        <formFactor>Small</formFactor>
        <pageOrSobjectType>Account</pageOrSobjectType>
        <recordType>PersonAccount.PersonAccount</recordType>
        <type>Flexipage</type>
        <profile>ICP Investigation Staff</profile>
    </profileActionOverrides>
    <profileActionOverrides>
        <actionName>View</actionName>
        <content>RP_PersonAccountRecordPageInvestigation</content>
        <formFactor>Large</formFactor>
        <pageOrSobjectType>Account</pageOrSobjectType>
        <recordType>PersonAccount.PersonAccount</recordType>
        <type>Flexipage</type>
        <profile>ICP Investigation Staff</profile>
    </profileActionOverrides>
    <!-- <profileActionOverrides>
        <actionName>View</actionName>
        <content>RP_BusinessAccountRecordPageLicensing</content>
        <formFactor>Small</formFactor>
        <pageOrSobjectType>Account</pageOrSobjectType>
        <recordType>Account.Business_Account</recordType>
        <type>Flexipage</type>
        <profile>License Staff</profile>
    </profileActionOverrides>
    <profileActionOverrides>
        <actionName>View</actionName>
        <content>RP_BusinessAccountRecordPageLicensing</content>
        <formFactor>Large</formFactor>
        <pageOrSobjectType>Account</pageOrSobjectType>
        <recordType>Account.Business_Account</recordType>
        <type>Flexipage</type>
        <profile>License Staff</profile>
    </profileActionOverrides>
    <profileActionOverrides>
        <actionName>View</actionName>
        <content>RP_BusinessAccountRecordPageLicensing</content>
        <formFactor>Small</formFactor>
        <pageOrSobjectType>Account</pageOrSobjectType>
        <recordType>Account.Business_Account</recordType>
        <type>Flexipage</type>
        <profile>LicenseHomeStaff - Portal User</profile>
    </profileActionOverrides>
    <profileActionOverrides>
        <actionName>View</actionName>
        <content>RP_BusinessAccountRecordPageLicensing</content>
        <formFactor>Large</formFactor>
        <pageOrSobjectType>Account</pageOrSobjectType>
        <recordType>Account.Business_Account</recordType>
        <type>Flexipage</type>
        <profile>LicenseHomeStaff - Portal User</profile>
    </profileActionOverrides> -->
    <profileActionOverrides>
        <actionName>View</actionName>
        <content>RP_PersonAccountRecordPageInvestigation</content>
        <formFactor>Small</formFactor>
        <pageOrSobjectType>Account</pageOrSobjectType>
        <recordType>PersonAccount.PersonAccount</recordType>
        <type>Flexipage</type>
        <profile>Admin</profile>
    </profileActionOverrides>
    <profileActionOverrides>
        <actionName>View</actionName>
        <content>RP_PersonAccountRecordPageInvestigation</content>
        <formFactor>Large</formFactor>
        <pageOrSobjectType>Account</pageOrSobjectType>
        <recordType>PersonAccount.PersonAccount</recordType>
        <type>Flexipage</type>
        <profile>Admin</profile>
    </profileActionOverrides>
    <!-- <profileActionOverrides>
        <actionName>View</actionName>
        <content>RP_ContactRecordPageLicensing</content>
        <formFactor>Small</formFactor>
        <pageOrSobjectType>Contact</pageOrSobjectType>
        <type>Flexipage</type>
        <profile>License Staff</profile>
    </profileActionOverrides>
    <profileActionOverrides>
        <actionName>View</actionName>
        <content>RP_ContactRecordPageLicensing</content>
        <formFactor>Large</formFactor>
        <pageOrSobjectType>Contact</pageOrSobjectType>
        <type>Flexipage</type>
        <profile>License Staff</profile>
    </profileActionOverrides>
    <profileActionOverrides>
        <actionName>View</actionName>
        <content>RP_ContactRecordPageLicensing</content>
        <formFactor>Small</formFactor>
        <pageOrSobjectType>Contact</pageOrSobjectType>
        <type>Flexipage</type>
        <profile>LicenseHomeStaff - Portal User</profile>
    </profileActionOverrides>
    <profileActionOverrides>
        <actionName>View</actionName>
        <content>RP_ContactRecordPageLicensing</content>
        <formFactor>Large</formFactor>
        <pageOrSobjectType>Contact</pageOrSobjectType>
        <type>Flexipage</type>
        <profile>LicenseHomeStaff - Portal User</profile>
    </profileActionOverrides> -->
    <profileActionOverrides>
        <actionName>View</actionName>
        <content>RP_CaseRecordPageInvestigation</content>
        <formFactor>Small</formFactor>
        <pageOrSobjectType>Case</pageOrSobjectType>
        <recordType>Case.RP_Investigation</recordType>
        <type>Flexipage</type>
        <profile>ICP Investigation Staff</profile>
    </profileActionOverrides>
    <profileActionOverrides>
        <actionName>View</actionName>
        <content>RP_CaseRecordPageInvestigation</content>
        <formFactor>Large</formFactor>
        <pageOrSobjectType>Case</pageOrSobjectType>
        <recordType>Case.RP_Investigation</recordType>
        <type>Flexipage</type>
        <profile>ICP Investigation Staff</profile>
    </profileActionOverrides>
    <profileActionOverrides>
        <actionName>View</actionName>
        <content>RP_CaseParticipantInvestigation</content>
        <formFactor>Small</formFactor>
        <pageOrSobjectType>CaseParticipant</pageOrSobjectType>
        <recordType>CaseParticipant.RP_CaseParticipantInvestigation</recordType>
        <type>Flexipage</type>
        <profile>ICP Investigation Staff</profile>
    </profileActionOverrides>
    <profileActionOverrides>
        <actionName>View</actionName>
        <content>RP_CaseParticipantInvestigation</content>
        <formFactor>Large</formFactor>
        <pageOrSobjectType>CaseParticipant</pageOrSobjectType>
        <recordType>CaseParticipant.RP_CaseParticipantInvestigation</recordType>
        <type>Flexipage</type>
        <profile>ICP Investigation Staff</profile>
    </profileActionOverrides>
    <profileActionOverrides>
        <actionName>View</actionName>
        <content>RP_CaseProceedingRecordPageInvestigation</content>
        <formFactor>Small</formFactor>
        <pageOrSobjectType>CaseProceeding</pageOrSobjectType>
        <recordType>CaseProceeding.RP_CaseProceedingInvestigation</recordType>
        <type>Flexipage</type>
        <profile>ICP Investigation Staff</profile>
    </profileActionOverrides>
    <profileActionOverrides>
        <actionName>View</actionName>
        <content>RP_CaseProceedingRecordPageInvestigation</content>
        <formFactor>Large</formFactor>
        <pageOrSobjectType>CaseProceeding</pageOrSobjectType>
        <recordType>CaseProceeding.RP_CaseProceedingInvestigation</recordType>
        <type>Flexipage</type>
        <profile>ICP Investigation Staff</profile>
    </profileActionOverrides>
    <profileActionOverrides>
        <actionName>View</actionName>
        <content>RP_InteractionSummaryRecordPageInvestigation</content>
        <formFactor>Small</formFactor>
        <pageOrSobjectType>InteractionSummary</pageOrSobjectType>
        <recordType>InteractionSummary.RP_InteractionSummaryInvestigation</recordType>
        <type>Flexipage</type>
        <profile>ICP Investigation Staff</profile>
    </profileActionOverrides>
    <profileActionOverrides>
        <actionName>View</actionName>
        <content>RP_InteractionSummaryRecordPageInvestigation</content>
        <formFactor>Large</formFactor>
        <pageOrSobjectType>InteractionSummary</pageOrSobjectType>
        <recordType>InteractionSummary.RP_InteractionSummaryInvestigation</recordType>
        <type>Flexipage</type>
        <profile>ICP Investigation Staff</profile>
    </profileActionOverrides>
    <!-- <profileActionOverrides>
        <actionName>View</actionName>
        <content>RP_InteractionSummaryRecordPageInvestigation</content>
        <formFactor>Small</formFactor>
        <pageOrSobjectType>InteractionSummary</pageOrSobjectType>
        <recordType>InteractionSummary.RP_InteractionSummaryInvestigation</recordType>
        <type>Flexipage</type>
        <profile>Investigation - System Administrator (TBD)</profile>
    </profileActionOverrides>
    <profileActionOverrides>
        <actionName>View</actionName>
        <content>RP_InteractionSummaryRecordPageInvestigation</content>
        <formFactor>Large</formFactor>
        <pageOrSobjectType>InteractionSummary</pageOrSobjectType>
        <recordType>InteractionSummary.RP_InteractionSummaryInvestigation</recordType>
        <type>Flexipage</type>
        <profile>Investigation - System Administrator (TBD)</profile>
    </profileActionOverrides> -->
    <profileActionOverrides>
        <actionName>View</actionName>
        <content>RP_InteractionSummaryRecordPageInvestigation</content>
        <formFactor>Small</formFactor>
        <pageOrSobjectType>InteractionSummary</pageOrSobjectType>
        <recordType>InteractionSummary.RP_InteractionSummaryInvestigation</recordType>
        <type>Flexipage</type>
        <profile>Admin</profile>
    </profileActionOverrides>
    <profileActionOverrides>
        <actionName>View</actionName>
        <content>RP_InteractionSummaryRecordPageInvestigation</content>
        <formFactor>Large</formFactor>
        <pageOrSobjectType>InteractionSummary</pageOrSobjectType>
        <recordType>InteractionSummary.RP_InteractionSummaryInvestigation</recordType>
        <type>Flexipage</type>
        <profile>Admin</profile>
    </profileActionOverrides>
    <profileActionOverrides>
        <actionName>View</actionName>
        <content>RP_CaseProceedingParticipantRecordPageInvestigation</content>
        <formFactor>Small</formFactor>
        <pageOrSobjectType>CaseProceedingParticipant</pageOrSobjectType>
        <recordType>CaseProceedingParticipant.RP_CaseProceedingParticipantInvestigation</recordType>
        <type>Flexipage</type>
        <profile>ICP Investigation Staff</profile>
    </profileActionOverrides>
    <profileActionOverrides>
        <actionName>View</actionName>
        <content>RP_CaseProceedingParticipantRecordPageInvestigation</content>
        <formFactor>Large</formFactor>
        <pageOrSobjectType>CaseProceedingParticipant</pageOrSobjectType>
        <recordType>CaseProceedingParticipant.RP_CaseProceedingParticipantInvestigation</recordType>
        <type>Flexipage</type>
        <profile>ICP Investigation Staff</profile>
    </profileActionOverrides>
    <profileActionOverrides>
        <actionName>View</actionName>
        <content>RP_CaseProceedingInfractionRecordPageInvestigation</content>
        <formFactor>Small</formFactor>
        <pageOrSobjectType>CaseProceedingInfraction</pageOrSobjectType>
        <recordType>CaseProceedingInfraction.RP_CaseProceedingInfractionInvestigation</recordType>
        <type>Flexipage</type>
        <profile>ICP Investigation Staff</profile>
    </profileActionOverrides>
    <profileActionOverrides>
        <actionName>View</actionName>
        <content>RP_CaseProceedingInfractionRecordPageInvestigation</content>
        <formFactor>Large</formFactor>
        <pageOrSobjectType>CaseProceedingInfraction</pageOrSobjectType>
        <recordType>CaseProceedingInfraction.RP_CaseProceedingInfractionInvestigation</recordType>
        <type>Flexipage</type>
        <profile>ICP Investigation Staff</profile>
    </profileActionOverrides>
    <profileActionOverrides>
        <actionName>View</actionName>
        <content>RP_CustodyItemRelationRecordPageInvestigation</content>
        <formFactor>Small</formFactor>
        <pageOrSobjectType>CustodyItemRelation</pageOrSobjectType>
        <recordType>CustodyItemRelation.RP_CustodyItemRelationRecordPageInvestigation</recordType>
        <type>Flexipage</type>
        <profile>ICP Investigation Staff</profile>
    </profileActionOverrides>
    <profileActionOverrides>
        <actionName>View</actionName>
        <content>RP_CustodyItemRelationRecordPageInvestigation</content>
        <formFactor>Large</formFactor>
        <pageOrSobjectType>CustodyItemRelation</pageOrSobjectType>
        <recordType>CustodyItemRelation.RP_CustodyItemRelationRecordPageInvestigation</recordType>
        <type>Flexipage</type>
        <profile>ICP Investigation Staff</profile>
    </profileActionOverrides>
    <!-- <profileActionOverrides>
        <actionName>View</actionName>
        <content>RP_CustodyItemRelationRecordPageInvestigation</content>
        <formFactor>Small</formFactor>
        <pageOrSobjectType>CustodyItemRelation</pageOrSobjectType>
        <recordType>CustodyItemRelation.RP_CustodyItemRelationRecordPageInvestigation</recordType>
        <type>Flexipage</type>
        <profile>Investigation - System Administrator (TBD)</profile>
    </profileActionOverrides>
    <profileActionOverrides>
        <actionName>View</actionName>
        <content>RP_CustodyItemRelationRecordPageInvestigation</content>
        <formFactor>Large</formFactor>
        <pageOrSobjectType>CustodyItemRelation</pageOrSobjectType>
        <recordType>CustodyItemRelation.RP_CustodyItemRelationRecordPageInvestigation</recordType>
        <type>Flexipage</type>
        <profile>Investigation - System Administrator (TBD)</profile>
    </profileActionOverrides> -->
    <profileActionOverrides>
        <actionName>View</actionName>
        <content>RP_CaseProceedingResultRecordPageInvestigation</content>
        <formFactor>Small</formFactor>
        <pageOrSobjectType>CaseProceedingResult</pageOrSobjectType>
        <recordType>CaseProceedingResult.RP_CaseProceedingResultInvestigation</recordType>
        <type>Flexipage</type>
        <profile>ICP Investigation Staff</profile>
    </profileActionOverrides>
    <profileActionOverrides>
        <actionName>View</actionName>
        <content>RP_CaseProceedingResultRecordPageInvestigation</content>
        <formFactor>Large</formFactor>
        <pageOrSobjectType>CaseProceedingResult</pageOrSobjectType>
        <recordType>CaseProceedingResult.RP_CaseProceedingResultInvestigation</recordType>
        <type>Flexipage</type>
        <profile>ICP Investigation Staff</profile>
    </profileActionOverrides>
    <profileActionOverrides>
        <actionName>View</actionName>
        <content>RP_CaseProceedingResultParticipantRecordPageInvestigation</content>
        <formFactor>Small</formFactor>
        <pageOrSobjectType>RP_CaseProceedingResultParticipant__c</pageOrSobjectType>
        <recordType>RP_CaseProceedingResultParticipant__c.RP_CaseProceedingResultParticipantInvestigation</recordType>
        <type>Flexipage</type>
        <profile>ICP Investigation Staff</profile>
    </profileActionOverrides>
    <profileActionOverrides>
        <actionName>View</actionName>
        <content>RP_CaseProceedingResultParticipantRecordPageInvestigation</content>
        <formFactor>Large</formFactor>
        <pageOrSobjectType>RP_CaseProceedingResultParticipant__c</pageOrSobjectType>
        <recordType>RP_CaseProceedingResultParticipant__c.RP_CaseProceedingResultParticipantInvestigation</recordType>
        <type>Flexipage</type>
        <profile>ICP Investigation Staff</profile>
    </profileActionOverrides>
    <profileActionOverrides>
        <actionName>View</actionName>
        <content>RP_ViolationEnforcementActionRecordPageInvestigation</content>
        <formFactor>Small</formFactor>
        <pageOrSobjectType>ViolationEnforcementAction</pageOrSobjectType>
        <recordType>ViolationEnforcementAction.RP_ViolationEnforcementActionInvestigation</recordType>
        <type>Flexipage</type>
        <profile>ICP Investigation Staff</profile>
    </profileActionOverrides>
    <profileActionOverrides>
        <actionName>View</actionName>
        <content>RP_ViolationEnforcementActionRecordPageInvestigation</content>
        <formFactor>Large</formFactor>
        <pageOrSobjectType>ViolationEnforcementAction</pageOrSobjectType>
        <recordType>ViolationEnforcementAction.RP_ViolationEnforcementActionInvestigation</recordType>
        <type>Flexipage</type>
        <profile>ICP Investigation Staff</profile>
    </profileActionOverrides>
    <!-- <profileActionOverrides>
        <actionName>View</actionName>
        <content>RP_ViolationEnforcementActionRecordPageInvestigation</content>
        <formFactor>Small</formFactor>
        <pageOrSobjectType>ViolationEnforcementAction</pageOrSobjectType>
        <recordType>ViolationEnforcementAction.RP_ViolationEnforcementActionInvestigation</recordType>
        <type>Flexipage</type>
        <profile>License Staff</profile>
    </profileActionOverrides>
    <profileActionOverrides>
        <actionName>View</actionName>
        <content>RP_ViolationEnforcementActionRecordPageInvestigation</content>
        <formFactor>Large</formFactor>
        <pageOrSobjectType>ViolationEnforcementAction</pageOrSobjectType>
        <recordType>ViolationEnforcementAction.RP_ViolationEnforcementActionInvestigation</recordType>
        <type>Flexipage</type>
        <profile>License Staff</profile>
    </profileActionOverrides>
    <profileActionOverrides>
        <actionName>View</actionName>
        <content>RP_ViolationEnforcementActionRecordPageInvestigation</content>
        <formFactor>Small</formFactor>
        <pageOrSobjectType>ViolationEnforcementAction</pageOrSobjectType>
        <recordType>ViolationEnforcementAction.RP_ViolationEnforcementActionInvestigation</recordType>
        <type>Flexipage</type>
        <profile>LicenseHomeStaff - Portal User</profile>
    </profileActionOverrides>
    <profileActionOverrides>
        <actionName>View</actionName>
        <content>RP_ViolationEnforcementActionRecordPageInvestigation</content>
        <formFactor>Large</formFactor>
        <pageOrSobjectType>ViolationEnforcementAction</pageOrSobjectType>
        <recordType>ViolationEnforcementAction.RP_ViolationEnforcementActionInvestigation</recordType>
        <type>Flexipage</type>
        <profile>LicenseHomeStaff - Portal User</profile>
    </profileActionOverrides> -->
    <profileActionOverrides>
        <actionName>View</actionName>
        <content>RP_RegulatoryCodeViolationRecordPageInvestigation</content>
        <formFactor>Small</formFactor>
        <pageOrSobjectType>RegulatoryCodeViolation</pageOrSobjectType>
        <recordType>RegulatoryCodeViolation.RP_RegulatoryCodeViolationInvestigation</recordType>
        <type>Flexipage</type>
        <profile>ICP Investigation Staff</profile>
    </profileActionOverrides>
    <profileActionOverrides>
        <actionName>View</actionName>
        <content>RP_RegulatoryCodeViolationRecordPageInvestigation</content>
        <formFactor>Large</formFactor>
        <pageOrSobjectType>RegulatoryCodeViolation</pageOrSobjectType>
        <recordType>RegulatoryCodeViolation.RP_RegulatoryCodeViolationInvestigation</recordType>
        <type>Flexipage</type>
        <profile>ICP Investigation Staff</profile>
    </profileActionOverrides>
    <!-- <profileActionOverrides>
        <actionName>View</actionName>
        <content>RP_RegulatoryCodeViolationRecordPageInvestigation</content>
        <formFactor>Small</formFactor>
        <pageOrSobjectType>RegulatoryCodeViolation</pageOrSobjectType>
        <recordType>RegulatoryCodeViolation.RP_RegulatoryCodeViolationInvestigation</recordType>
        <type>Flexipage</type>
        <profile>Investigation - System Administrator (TBD)</profile>
    </profileActionOverrides>
    <profileActionOverrides>
        <actionName>View</actionName>
        <content>RP_RegulatoryCodeViolationRecordPageInvestigation</content>
        <formFactor>Large</formFactor>
        <pageOrSobjectType>RegulatoryCodeViolation</pageOrSobjectType>
        <recordType>RegulatoryCodeViolation.RP_RegulatoryCodeViolationInvestigation</recordType>
        <type>Flexipage</type>
        <profile>Investigation - System Administrator (TBD)</profile>
    </profileActionOverrides>
    <profileActionOverrides>
        <actionName>View</actionName>
        <content>RP_RegulatoryCodeViolationRecordPageInvestigation</content>
        <formFactor>Small</formFactor>
        <pageOrSobjectType>RegulatoryCodeViolation</pageOrSobjectType>
        <recordType>RegulatoryCodeViolation.RP_RegulatoryCodeViolationInvestigation</recordType>
        <type>Flexipage</type>
        <profile>Licence User -System Administrator (TBD)</profile>
    </profileActionOverrides>
    <profileActionOverrides>
        <actionName>View</actionName>
        <content>RP_RegulatoryCodeViolationRecordPageInvestigation</content>
        <formFactor>Large</formFactor>
        <pageOrSobjectType>RegulatoryCodeViolation</pageOrSobjectType>
        <recordType>RegulatoryCodeViolation.RP_RegulatoryCodeViolationInvestigation</recordType>
        <type>Flexipage</type>
        <profile>Licence User -System Administrator (TBD)</profile>
    </profileActionOverrides>
    <profileActionOverrides>
        <actionName>View</actionName>
        <content>RP_RegulatoryCodeViolationRecordPageInvestigation</content>
        <formFactor>Small</formFactor>
        <pageOrSobjectType>RegulatoryCodeViolation</pageOrSobjectType>
        <recordType>RegulatoryCodeViolation.RP_RegulatoryCodeViolationInvestigation</recordType>
        <type>Flexipage</type>
        <profile>License Staff</profile>
    </profileActionOverrides>
    <profileActionOverrides>
        <actionName>View</actionName>
        <content>RP_RegulatoryCodeViolationRecordPageInvestigation</content>
        <formFactor>Large</formFactor>
        <pageOrSobjectType>RegulatoryCodeViolation</pageOrSobjectType>
        <recordType>RegulatoryCodeViolation.RP_RegulatoryCodeViolationInvestigation</recordType>
        <type>Flexipage</type>
        <profile>License Staff</profile>
    </profileActionOverrides> -->
    <profileActionOverrides>
        <actionName>View</actionName>
        <content>RP_RegulatoryCodeViolationRecordPageInvestigation</content>
        <formFactor>Small</formFactor>
        <pageOrSobjectType>RegulatoryCodeViolation</pageOrSobjectType>
        <recordType>RegulatoryCodeViolation.RP_RegulatoryCodeViolationInvestigation</recordType>
        <type>Flexipage</type>
        <profile>Admin</profile>
    </profileActionOverrides>
    <profileActionOverrides>
        <actionName>View</actionName>
        <content>RP_RegulatoryCodeViolationRecordPageInvestigation</content>
        <formFactor>Large</formFactor>
        <pageOrSobjectType>RegulatoryCodeViolation</pageOrSobjectType>
        <recordType>RegulatoryCodeViolation.RP_RegulatoryCodeViolationInvestigation</recordType>
        <type>Flexipage</type>
        <profile>Admin</profile>
    </profileActionOverrides>
    <profileActionOverrides>
        <actionName>View</actionName>
        <content>RP_CustodyItemRecordPageInvestigation</content>
        <formFactor>Small</formFactor>
        <pageOrSobjectType>CustodyItem</pageOrSobjectType>
        <recordType>CustodyItem.RP_CustodyItemInvestigation</recordType>
        <type>Flexipage</type>
        <profile>ICP Investigation Staff</profile>
    </profileActionOverrides>
    <profileActionOverrides>
        <actionName>View</actionName>
        <content>RP_CustodyItemRecordPageInvestigation</content>
        <formFactor>Large</formFactor>
        <pageOrSobjectType>CustodyItem</pageOrSobjectType>
        <recordType>CustodyItem.RP_CustodyItemInvestigation</recordType>
        <type>Flexipage</type>
        <profile>ICP Investigation Staff</profile>
    </profileActionOverrides>
    <setupExperience>all</setupExperience>
    <tabs>standard-home</tabs>
    <tabs>standard-Account</tabs>
    <tabs>standard-Contact</tabs>
    <tabs>standard-BusinessLicenseApplication</tabs>
    <tabs>standard-Case</tabs>
    <tabs>standard-report</tabs>
    <tabs>standard-Dashboard</tabs>
    <tabs>RP_IdentityDocument__c</tabs>
    <uiType>Lightning</uiType>
    <utilityBar>Licensing_and_Investigation_UtilityBar</utilityBar>
    <workspaceConfig>
        <mappings>
            <tab>RP_IdentityDocument__c</tab>
        </mappings>
        <mappings>
            <tab>standard-Account</tab>
        </mappings>
        <mappings>
            <tab>standard-BusinessLicenseApplication</tab>
        </mappings>
        <mappings>
            <fieldName>AccountId</fieldName>
            <tab>standard-Case</tab>
        </mappings>
        <mappings>
            <tab>standard-Contact</tab>
        </mappings>
        <mappings>
            <tab>standard-Dashboard</tab>
        </mappings>
        <mappings>
            <tab>standard-home</tab>
        </mappings>
        <mappings>
            <tab>standard-report</tab>
        </mappings>
    </workspaceConfig>
</CustomApplication>
