{
  "Version": "2012-10-17",
  "Statement": [
    {
      "Sid": "AllowRootAccess",
      "Effect": "Allow",
      "Principal": {
        "AWS": "arn:aws:iam::${account_id}:root"
      },
      "Action": "kms:*",
      "Resource": "*"
    },
    {
      "Sid": "AllowIAMRoleUseOfKMSForS3BucketAccess",
      "Effect": "Allow",
      "Principal": {
        "AWS": "arn:aws:iam::${account_id}:role/${role_name}"
      },
      "Action": [
        "kms:Encrypt",
        "kms:Decrypt",
        "kms:ReEncrypt*",
        "kms:GenerateDataKey*"
      ],
      "Resource": "${kms_key_arn}",
      "Condition": {
        "StringEquals": {
          "kms:ViaService": "s3.${aws_region}.amazonaws.com",
          "kms:CallerAccount": "${account_id}"
        }
      }
    }
  ]
}