<?xml version="1.0" encoding="UTF-8"?>
<Audience xmlns="http://soap.sforce.com/2006/04/metadata">
    <audienceName>Adoption Agency Admin</audienceName>
    <container>Partner Portal</container>
    <criteria>
        <criterion>
            <criteriaNumber>1</criteriaNumber>
            <criterionValue>
                <profile>adoption agency user - system administrator</profile>
            </criterionValue>
            <operator>Equal</operator>
            <type>Profile</type>
        </criterion>
        <criterion>
            <criteriaNumber>2</criteriaNumber>
            <criterionValue>
                <entityField>FirstName</entityField>
                <entityType>User</entityType>
                <fieldValue>Aathisankar</fieldValue>
            </criterionValue>
            <operator>Equal</operator>
            <type>FieldBased</type>
        </criterion>
    </criteria>
    <formulaFilterType>AnyCriterionMatches</formulaFilterType>
    <isDefaultAudience>false</isDefaultAudience>
    <targets>
        <target>
            <groupName>b996c165-a001-4e56-a131-8800c6e7e0a9</groupName>
            <priority>1</priority>
            <targetType>ExperienceVariation</targetType>
            <targetValue>Individual_Application_Detail_Application_Detail_Page_Page</targetValue>
        </target>
    </targets>
</Audience>
