<?xml version="1.0" encoding="UTF-8"?>
<Audience xmlns="http://soap.sforce.com/2006/04/metadata">
    <audienceName>Adoption Applicant</audienceName>
    <container>MoP Portal</container>
    <criteria>
        <criterion>
            <criteriaNumber>1</criteriaNumber>
            <criterionValue>
                <entityField>FirstName</entityField>
                <entityType>User</entityType>
                <fieldValue>aathi</fieldValue>
            </criterionValue>
            <operator>Contains</operator>
            <type>FieldBased</type>
        </criterion>
        <criterion>
            <criteriaNumber>2</criteriaNumber>
            <criterionValue>
                <entityField>FirstName</entityField>
                <entityType>User</entityType>
                <fieldValue>Ramanathan</fieldValue>
            </criterionValue>
            <operator>Equal</operator>
            <type>FieldBased</type>
        </criterion>
        <criterion>
            <criteriaNumber>3</criteriaNumber>
            <criterionValue>
                <entityField>FirstName</entityField>
                <entityType>User</entityType>
                <fieldValue>Arthur</fieldValue>
            </criterionValue>
            <operator>Equal</operator>
            <type>FieldBased</type>
        </criterion>
    </criteria>
    <formulaFilterType>AnyCriterionMatches</formulaFilterType>
    <isDefaultAudience>false</isDefaultAudience>
    <targets>
        <target>
            <groupName>389628b0-8f04-4c16-8882-349ea0999c0a$#$ec17c2c0-0908-4173-99e6-b8b038be9d11</groupName>
            <priority>1</priority>
            <targetType>ExperienceVariation</targetType>
            <targetValue>Default_Multilevel_Navigation_Menu_Component_Properties</targetValue>
        </target>
    </targets>
</Audience>
